Date,Open,High,Low,Close,Volume,Symbol,Source,Returns,MA_5,MA_10,MA_20,Volatility,Momentum,RSI,MACD,MACD_signal,MACD_hist,BB_upper,BB_lower,BB_width,BB_position,Momentum_10,Momentum_20,Volume_MA_5,Volume_MA_20,Volume_ratio,High_Low_ratio,MA5_MA10_cross,MA10_MA20_cross,sentiment_score,garch_volatility
2025-04-28,0.0,0.03265913741744342,0.0,0.05210263792517811,0.9529260864467299,RELIANCE,yfinance,0.7275065466766834,0.23298558367661393,0.21640717888621808,0.2920895311588172,1.0,0.7683101328487538,0.8333524007692323,0.44909454290519096,0.4645955699900945,0.5838647010634338,0.2985470000283641,0.39359734817471015,0.24973904692950977,0.5239658616929774,0.7742718189649468,0.7339826294468438,22963540.2,13801905.85,0.06515055616718962,0.9117011033686785,0.5343665826717343,0.7002910980195594,0.5,1.0
2025-04-29,0.15760045199383388,0.2317210348942904,0.23714309249377497,0.22170276169879344,1.0,RELIANCE,yfinance,0.7275065466766834,0.23298558367661393,0.21640717888621808,0.2920895311588172,1.0,0.7683101328487538,0.8333524007692323,0.49668479924984243,0.475522749763297,0.6613993986777146,0.2985470000283641,0.39359734817471015,0.24973904692950977,0.5239658616929774,0.7742718189649468,0.7339826294468438,22963540.2,13801905.85,0.06515055616718962,0.7233687828791009,0.5343665826717343,0.7002910980195594,0.5,0.9529347609425312
2025-04-30,0.31520075406858616,0.23994653166928348,0.2323810259110699,0.2507929247234433,0.7683762316434253,RELIANCE,yfinance,0.47757490896266386,0.23298558367661393,0.21640717888621808,0.2920895311588172,1.0,0.7683101328487538,0.8333524007692323,0.5415910524433086,0.49457540046229864,0.7190543420648889,0.2985470000283641,0.39359734817471015,0.24973904692950977,0.5239658616929774,0.7742718189649468,0.7339826294468438,22963540.2,13801905.85,0.06515055616718962,0.8397451419978762,0.5343665826717343,0.7002910980195594,0.5,0.9078426348127464
2025-05-02,0.3762075770800184,0.3183645616665105,0.4233334830114899,0.33202608663480415,0.3590635465377797,RELIANCE,yfinance,0.5673332900485067,0.23298558367661393,0.21640717888621808,0.2920895311588172,1.0,0.7683101328487538,0.8333524007692323,0.5985141694011404,0.5228876151967579,0.7847563358483096,0.2985470000283641,0.39359734817471015,0.24973904692950977,0.5239658616929774,0.7742718189649468,0.7339826294468438,22963540.2,13801905.85,0.06515055616718962,0.5902484431081986,0.5343665826717343,0.7002910980195594,0.5,0.8646575344787584
2025-05-05,0.462633495501354,0.38855720711606967,0.5080954895656218,0.39514592169300844,0.3484904456272333,RELIANCE,yfinance,0.534952191414529,0.23298558367661393,0.21640717888621808,0.2920895311588172,1.0,0.7683101328487538,0.8333524007692323,0.6591208628066948,0.559453265678185,0.8433192640879815,0.2985470000283641,0.39359734817471015,0.24973904692950977,0.5239658616929774,0.7742718189649468,0.7339826294468438,22963540.2,13801905.85,0.06515055616718962,0.298836343810852,0.5343665826717343,0.7002910980195594,0.5,0.8233146404953029
2025-05-06,0.4626335491532485,0.34742882389388186,0.43047625156268676,0.3380634137973946,0.3943827808936895,RELIANCE,yfinance,0.33054355786856576,0.29758535549059495,0.21640717888621808,0.2920895311588172,1.0,0.7683101328487538,0.8333524007692323,0.6881937699900402,0.5953812046830826,0.8387943301595469,0.2985470000283641,0.39359734817471015,0.24973904692950977,0.5239658616929774,0.7742718189649468,0.7339826294468438,19559464.4,13801905.85,0.06515055616718962,0.44761236314677716,0.5343665826717343,0.7002910980195594,0.5,0.783750409432336
2025-05-07,0.41128606928442846,0.3057517565387471,0.3928567583738909,0.25628134280919035,0.3732508869138744,RELIANCE,yfinance,0.28770529579385606,0.3053968060035892,0.21640717888621808,0.2920895311588172,1.0,0.49738481324091566,0.8333524007692323,0.6852986394949151,0.623458806129025,0.7830916180749223,0.2985470000283641,0.39359734817471015,0.24973904692950977,0.5239658616929774,0.7742718189649468,0.7339826294468438,15739704.2,13801905.85,0.06515055616718962,0.0768191265429861,0.5343665826717343,0.7002910980195594,0.5,0.7459025838128643
2025-05-08,0.3258769004368567,0.2860106386833259,0.3704763783767486,0.2617704335776292,0.46073893896396334,RELIANCE,yfinance,0.4366655316039792,0.30787667256886664,0.21640717888621808,0.2920895311588172,1.0,0.47254224934769884,0.8333524007692323,0.6818788440951677,0.6451356694283674,0.7376746571568015,0.2985470000283641,0.39359734817471015,0.24973904692950977,0.5239658616929774,0.7742718189649468,0.7339826294468438,13864790.2,13801905.85,0.06515055616718962,0.35011015362048586,0.5343665826717343,0.7002910980195594,0.5,0.7097102029986737
2025-05-09,0.2313166648782765,0.14343196149789694,0.2585715363653316,0.09820696428391251,0.38075708892005045,RELIANCE,yfinance,0.14545209060233677,0.25505592502563523,0.21640717888621808,0.2920895311588172,1.0,0.2188415624429746,0.8333524007692323,0.6306503499986911,0.6507146059759141,0.6234505015353997,0.2985470000283641,0.39359734817471015,0.24973904692950977,0.5239658616929774,0.7742718189649468,0.7339826294468438,13997002.8,13801905.85,0.06515055616718962,0.05533828144453222,0.5343665826717343,0.7002910980195594,0.5,0.6751136146741237
2025-05-12,0.3050326893538049,0.3858149442937151,0.3799998131529829,0.42368650295812227,0.2824785289675209,RELIANCE,yfinance,1.0,0.2615033653486698,0.21640717888621808,0.2920895311588172,1.0,0.4903782273479203,0.8333524007692323,0.6797754978383369,0.6664573608109761,0.6955687053066573,0.2985470000283641,0.39359734817471015,0.24973904692950977,0.5239658616929774,0.7742718189649468,0.7339826294468438,13594689.2,13801905.85,0.06515055616718962,0.9595812006449643,0.5343665826717343,0.7002910980195594,0.5,0.6420544866197471
2025-05-13,0.4753429754638212,0.43352377813392184,0.439047646321435,0.3095214871668963,0.30655951187421204,RELIANCE,yfinance,0.23458349697594275,0.25505562110179625,0.24832515591995374,0.2920895311588172,1.0,0.43150780315478887,0.8333524007692323,0.6836000045763343,0.6799297081453534,0.6794588432305819,0.2985470000283641,0.39359734817471015,0.24973904692950977,0.5239658616929774,0.7742718189649468,0.7339826294468438,13059445.0,13801905.85,0.06515055616718962,0.010830139670840053,0.4514997943107839,0.7002910980195594,0.5,0.6104758182025938
2025-05-14,0.40671083500204563,0.3359130328221589,0.45380973677557623,0.357273886121547,0.11498749327309951,RELIANCE,yfinance,0.5089552789459523,0.2778702719328141,0.26513494295967455,0.2920895311588172,1.0,0.5666944237477027,0.8333524007692323,0.6973234391937404,0.6938586183604051,0.6826984224843073,0.2985470000283641,0.39359734817471015,0.24973904692950977,0.5239658616929774,0.6628100943071001,0.7339826294468438,11485443.2,13801905.85,0.06515055616718962,0.6016195739315332,0.46899888638918463,0.7002910980195594,0.5,0.5803219510800521
2025-05-15,0.43213033565459025,0.508652563854672,0.44047623340527053,0.5208366827325719,0.5943346658549702,RELIANCE,yfinance,0.7055117844173925,0.3363944542409225,0.29861831254052973,0.2920895311588172,1.0,0.7318550149358605,0.8333524007692323,0.7511427644622356,0.7173591803361709,0.7506148602422138,0.2985470000283641,0.39359734817471015,0.24973904692950977,0.5239658616929774,0.7793316912495367,0.7339826294468438,12299650.4,13801905.85,0.06515055616718962,0.8652678905246911,0.5343665826717343,0.7002910980195594,0.5,0.5515385798895203
2025-05-16,0.5754954948136293,0.5064587076202356,0.6052384457845106,0.5329120097404454,0.22874582484229136,RELIANCE,yfinance,0.44732898746883076,0.43459619766963264,0.323526637237709,0.2920895311588172,1.0,0.9252840115014078,0.8333524007692323,0.7932551271428586,0.7458290327111896,0.7858748666171889,0.2985470000283641,0.39359734817471015,0.24973904692950977,0.5239658616929774,0.7173547786078418,0.7339826294468438,11373208.6,13801905.85,0.06515055616718962,0.6536264740538817,0.7105127661131923,0.7002910980195594,0.5,0.5240727608272202
2025-05-19,0.5699031115216462,0.471362052884742,0.5619044277628227,0.4472882478970259,0.1355182938384955,RELIANCE,yfinance,0.2847124259900518,0.43992793357926807,0.3299918886175828,0.2920895311588172,1.0,0.48521548279002774,0.7758710882811366,0.7983008249259655,0.7697634552662067,0.7536933534597878,0.2985470000283641,0.39359734817471015,0.24973904692950977,0.5239658616929774,0.5889614389489404,0.7339826294468438,10477550.6,13801905.85,0.06515055616718962,0.08410225510012527,0.7092114561360879,0.7002910980195594,0.5,0.49787291911376697
2025-05-20,0.49923701412937405,0.41871783147122965,0.48380969058737033,0.3583710315925428,0.30205267313628315,RELIANCE,yfinance,0.2776294765337004,0.45096325621569733,0.33250987857948644,0.2920895311588172,1.0,0.5118000537829628,0.6529230450688532,0.7733240352723969,0.783176082602334,0.6790350950995951,0.2985470000283641,0.39359734817471015,0.24973904692950977,0.5239658616929774,0.5619064340901422,0.7339826294468438,10450083.4,13801905.85,0.06515055616718962,0.041468281011240185,0.729602958663466,0.7002910980195594,0.5,0.4728888550243169
2025-05-21,0.4265377551815961,0.3704601296558412,0.4661902376971714,0.3836188310792856,0.13356812850909242,RELIANCE,yfinance,0.4701574757762606,0.45691469283329234,0.3482987574363019,0.2920895311588172,1.0,0.4882532132562365,0.6511214685767768,0.7571450036947883,0.7901913234853121,0.6336419163964289,0.2985470000283641,0.39359734817471015,0.24973904692950977,0.5239658616929774,0.6551229475888225,0.7339826294468438,10563324.2,13801905.85,0.06515055616718962,0.5962169960088374,0.7099344258169131,0.7002910980195594,0.5,0.4490717477053541
2025-05-22,0.41281136579687594,0.3024621588680567,0.36523852115791744,0.2749435787391912,0.3304027417761827,RELIANCE,yfinance,0.24290930949992348,0.4013663807959027,0.3499321271214182,0.2920895311588172,1.0,0.21235978348455564,0.5523958631993768,0.7104640060954638,0.7850851109562587,0.5476331525201097,0.2985470000283641,0.39359734817471015,0.24973904692950977,0.5239658616929774,0.5558820430468955,0.7339826294468438,8954775.2,13801905.85,0.06515055616718962,0.4288870799250544,0.5768851403410177,0.7002910980195594,0.5,0.42637415715545846
2025-05-23,0.33858676345724703,0.3573000991384525,0.4114287852052314,0.37044703128310896,0.14467701869611527,RELIANCE,yfinance,0.5914356825314465,0.3646648419079348,0.3836878222919129,0.2920895311588172,1.0,0.2969854952270474,0.5692866812116772,0.697710534269772,0.7780718213551057,0.5341013312101887,0.2985470000283641,0.39359734817471015,0.24973904692950977,0.5239658616929774,0.7860221714194592,0.7339826294468438,8442412.8,13801905.85,0.06515055616718962,0.7419380375965371,0.4195397134388523,0.7002910980195594,0.5,0.40475002404536387
2025-05-26,0.4677174175576182,0.396782934152224,0.4995238609898811,0.41435639401715996,0.09112306413840987,RELIANCE,yfinance,0.5017911933205392,0.3572253941740229,0.38253095983301755,0.2920895311588172,1.0,0.42743467160281257,0.6201834525671261,0.6972063539629678,0.7723454250350803,0.5432325877178167,0.2985470000283641,0.39359734817471015,0.24973904692950977,0.5239658616929774,0.5365023216770014,0.7339826294468438,8171843.4,13801905.85,0.06515055616718962,0.5926214190617783,0.40464395028223227,0.7002910980195594,0.5,0.38415466718172997
2025-05-27,0.43772244680566175,0.37484785532115783,0.4461908316155858,0.34464965003682924,0.3470060070946547,RELIANCE,yfinance,0.3094544245647085,0.3541256749388655,0.3868865845241505,0.3155602745729862,1.0,0.4468851699624781,0.626682719471134,0.6744239537886612,0.7625332501640569,0.5142416119083557,0.272779725196969,0.4754402258355608,0.16140168195837595,0.4093515920368364,0.5747644899228008,0.7339826294468438,8445814.2,12878701.75,0.3061923249270748,0.3053320348927868,0.38815744113752343,0.6767036072256727,0.5,0.364544778822975
2025-05-28,0.4072192503260261,0.2958812448165533,0.43095249926100543,0.2941540510633436,0.12727553335185696,RELIANCE,yfinance,0.34114423804890437,0.33391519552332305,0.3790602056412684,0.32137296638763324,1.0,0.3689854315762658,0.5976162601111945,0.6398374359186161,0.7467421136973595,0.47181740099669434,0.26941500579749444,0.49142957426480294,0.14588340365583663,0.3190897146104029,0.49028430205878887,0.572141849543916,8407463.6,11548983.8,0.1277765510887395,0.11376419035700026,0.3576432996272423,0.6556203074523858,0.5,0.34587841762235083
2025-05-29,0.3665479599568,0.28162330320698103,0.420952428668083,0.32104857778061824,0.384137578951144,RELIANCE,yfinance,0.4733379430338796,0.34433051352795374,0.354288002035144,0.3270095045781858,1.0,0.5091628861549201,0.7034955362122182,0.6181127059479787,0.7291209979425064,0.45883263331715907,0.26795935651851366,0.5043707617904545,0.13462609164819828,0.3568038373987219,0.376538132575034,0.5703851878674007,8734953.8,10963542.4,0.4111768856579724,0.8144383744834198,0.4345804604638029,0.6057659706686398,0.5,0.32811499923340026
2025-05-30,0.3965430267404093,0.33975138094377844,0.4261904205789655,0.3380634137973946,0.3846812441035532,RELIANCE,yfinance,0.45628957142433424,0.33701491475848044,0.3301282599312305,0.3274938730758077,1.0,0.4276699475008181,0.5196148659581277,0.603940182498163,0.711769957883428,0.46074897750106447,0.26816776956982125,0.5050097303497054,0.13435619265373083,0.3853659056914666,0.3809366549772575,0.5246679671449743,10197674.0,11002574.55,0.41004908250628425,0.5090795126959604,0.46885496597221377,0.5637741784022161,0.5,0.31121528472187077
2025-06-02,0.3665482006829608,0.26791408340792167,0.3590478833595476,0.29854465099540217,0.19796339036900482,RELIANCE,yfinance,0.35979507569219754,0.31085254283958363,0.31168518661392497,0.31974365330203725,1.0,0.34233770175956063,0.5730132957267551,0.5799826585075524,0.6923882483105154,0.44634019591445606,0.2632155135820149,0.49708044615947244,0.13529462230212358,0.3261469318569942,0.4182733264027813,0.45297795500603383,10848818.8,10773225.5,0.21837059919820848,0.8363544766958803,0.447017346841293,0.5424579688065012,0.5,0.29514136674541636
2025-06-03,0.4184040790157475,0.31726806721194833,0.39619085201567916,0.2535374701076627,0.3014641483072068,RELIANCE,yfinance,0.3500423249739781,0.29026990868304203,0.2986866233086509,0.31296222449214284,1.0,0.3668220346198302,0.4998241913580304,0.5470917787152375,0.6693308188648608,0.4202588249877359,0.2635000217848802,0.4835915100114079,0.14577881789099256,0.2599524084285415,0.45450731579640263,0.4609762776118943,10571261.2,10631650.95,0.33559041396418643,0.007930769537658297,0.4266260215558037,0.5291791110082615,0.5,0.27985665362292744
2025-06-04,0.37976578483033663,0.3128804818795423,0.409047520826733,0.3523337044299524,0.19888746032896684,RELIANCE,yfinance,0.597569537092914,0.30341294314375133,0.29480750584373894,0.32066840585989276,1.0,0.521612728614473,0.4380799483127335,0.5479282855368661,0.6510769453059276,0.45434284857665924,0.2641074116431472,0.4975995618856608,0.1358120071267614,0.417034986661692,0.5176880408805942,0.5886833787957995,11007704.4,10365983.85,0.23069759714321755,0.9053646147784807,0.4655281356439314,0.5123475040247061,0.5,0.2653258513938339
2025-06-05,0.4473816665959278,0.47191039325220796,0.49238081109472986,0.45607012044383666,0.38232940910157887,RELIANCE,yfinance,0.6038265061711126,0.33391489159948406,0.31726581771700957,0.3362568682508513,1.0,0.6011149912991044,0.522849651041225,0.5765660785979038,0.6430493586985024,0.5269043038614434,0.27615399514903416,0.5105891775679492,0.13828144150431865,0.5762986201909075,0.701497109494467,0.6584096253400786,10996684.4,10246515.95,0.442721119315136,0.5863563149616313,0.48895632352104546,0.5301692097354717,0.5,0.25151494400647056
2025-06-06,0.5134720912221136,0.45436242250601744,0.5561903663179031,0.4621074476064271,0.20070330915756648,RELIANCE,yfinance,0.43734795182468217,0.3619369734899376,0.3286310113371691,0.36545222666761923,1.0,0.5894467913808256,0.5940837126544092,0.5992445193140858,0.6418344771378598,0.575244409607024,0.25494774217261984,0.5970077834628889,0.05169193429056895,0.5907566688523742,0.6229506122069386,0.7844514494150949,9875419.8,9972178.8,0.24465264927372912,0.4104082372174512,0.530172685003757,0.5110077193581553,0.5,0.23839117171058755
2025-06-09,0.5948147194871147,0.48726566021097195,0.59571482917422,0.4911982833137696,0.19095573130937324,RELIANCE,yfinance,0.4760476210348875,0.4054582594038578,0.33815882045069223,0.37086862679668897,1.0,0.6614789696224627,0.7019260960295943,0.6234643852581936,0.6464236856462771,0.6164278053020614,0.2663587317428888,0.5912712381322827,0.0676323567176716,0.6346095216276872,0.6098909970225153,0.5673808483721453,9832711.2,9832731.0,0.23755351817293283,0.22864693482778575,0.611448727376622,0.5201515177254875,0.5,0.22592300787130615
2025-06-10,0.5592271034703904,0.4675236973048724,0.55142849578304,0.4346640118123082,0.1918764212059141,RELIANCE,yfinance,0.33262824545996067,0.44637552586422125,0.3493199158418001,0.38090868177777715,1.0,0.6505860903079633,0.6260395269231815,0.624589272536848,0.6503533373722898,0.6117478662194642,0.2714101869315755,0.6034782212318692,0.06363722368602986,0.5094160930989519,0.6217955242866551,0.6087483817687896,9164822.2,9657995.25,0.244209670157964,0.06284167616778101,0.6831795848534024,0.5259755481089777,0.5,0.2140801343410903
2025-06-11,0.5378749784096737,0.5481351152038494,0.5852378573496138,0.49174651970792116,0.20114760700862386,RELIANCE,yfinance,0.5233794512925474,0.4778694817308331,0.37381987726581656,0.39169728172399054,0.9194810460478565,0.6050911786074364,0.7833628956126486,0.6394881616213747,0.6569179867318989,0.6304447073967513,0.2854279709225569,0.6044097093788601,0.07721212460242849,0.6042890293592297,0.7153504991214922,0.6147541256519821,9178596.8,9789272.25,0.25104119243946754,0.1617112773879426,0.7045833158306979,0.5536399957914913,0.5,0.20283341544805644
2025-06-12,0.5770207190105712,0.48452333374169765,0.5438095769145166,0.4516788478290854,0.22190099951756978,RELIANCE,yfinance,0.3601795421786427,0.476877474319954,0.3900170359882651,0.38614882034548437,0.9254902996582263,0.45657346274803245,0.6633504980049729,0.6377482547866944,0.6617702069054097,0.6182940260786296,0.2723876584425451,0.6122028327569797,0.05810348066076726,0.5392169953348022,0.6570400486489856,0.4728975649143104,8200856.2,9221817.4,0.29694595741358143,0.2643436933719946,0.6678501107850459,0.5887010255883878,0.5,0.1921548708707541
2025-06-13,0.42704641596811665,0.36662217397618235,0.4480957159932606,0.3764843584456994,0.2523925188235896,RELIANCE,yfinance,0.30078363273029074,0.4575348494270113,0.39478094054502577,0.37359879209560276,0.9261637955209495,0.3738116890155241,0.545216819645683,0.6131354016820804,0.660000635662145,0.5713085636060882,0.24737279067810825,0.6234732811419388,0.024150301236129545,0.39952792600434295,0.5774856148490453,0.41309302356416333,8515879.2,9257846.45,0.3338850533035025,0.6280336212956279,0.6126059396948633,0.6134534937686804,0.5,0.18201764752383376
2025-06-16,0.44178957513750117,0.4044602175925105,0.4961906230698183,0.43082232095709294,0.2097583349820714,RELIANCE,yfinance,0.5194349041433349,0.4438956592989438,0.4111823643115855,0.37227774785216994,0.9227837831109312,0.3997604345217216,0.6663488785149245,0.6072297959928671,0.6572289949012693,0.5641982974030021,0.2449370056651734,0.6243796873457352,0.020983332186021997,0.5261015896688624,0.6587907511872559,0.5089992538825774,8630472.8,9370961.55,0.27602917830873674,0.7439630501495765,0.5459364017095328,0.6432729461857696,0.5,0.17239599058677157
2025-06-17,0.54905939749416,0.4351692622716019,0.5028573577751381,0.39459633993347154,0.27238815361935387,RELIANCE,yfinance,0.3661379752626407,0.4348441995223524,0.42867258999151403,0.3751840667751747,0.9161539947941549,0.4200851336760008,0.6824305807846369,0.5906356769280328,0.6512015132343022,0.5410962120183456,0.24666068392361673,0.627542412856446,0.02038139204870787,0.43880271080502764,0.6670933172068197,0.5458281389816402,9121156.4,9325763.5,0.3559256028598875,0.17949045431959637,0.4876550135439378,0.6693648421373929,0.5,0.16326521381242598
2025-06-18,0.4575495420283424,0.40665391587532085,0.5023807918060426,0.3885590127708811,0.15146510489797116,RELIANCE,yfinance,0.41697946651703593,0.4115336969478136,0.43316425236616674,0.3755804124293878,0.8922420384732043,0.35630755446491824,0.6515114854302244,0.5743274916822081,0.6426350119925714,0.5230803910057903,0.24696354290797373,0.6278775505633636,0.020440472007326183,0.42434521908897127,0.5755402523009391,0.5238729372514045,8818363.4,9353032.05,0.20409483823321325,0.1953370653223067,0.4237334338649341,0.6765284430502996,0.5,0.15460166934290243
2025-06-19,0.4580579829478477,0.39075097649496904,0.5023809565371344,0.40612343054719435,0.2605950467106716,RELIANCE,yfinance,0.4569708164298006,0.4012425318314623,0.42697124316840096,0.3861048359080961,0.892742972663307,0.4145745217388463,0.6520220652983972,0.5650518907927177,0.6336520439794442,0.520125316974171,0.2444260913883447,0.6517849887865363,0.0,0.45231774666905744,0.5021213912218652,0.6134235819138822,9054186.6,9246670.25,0.34470452670132623,0.5083219423041299,0.41288729347553277,0.6520090274505237,0.5,0.146382717065769
2025-06-20,0.46263368583718023,0.5612968709292607,0.5138097212301309,0.5867010631749947,0.8842136303781198,RELIANCE,yfinance,0.7325552622667038,0.4487313915031397,0.4424199027051152,0.4034546726340871,0.8830622348257527,0.6775758739735127,0.827485691085516,0.6071338060681093,0.6361280813467802,0.601433626673028,0.28468657949625253,0.6281483208361109,0.05870413400334984,0.7939491672668146,0.6499245240089564,0.6718701880633775,12904858.4,10373457.85,1.0,0.9057625790651566,0.4908366827620042,0.655503602714516,0.5,0.13858669372120103
2025-06-23,0.5744789881350671,0.5218136176260879,0.5800001364880405,0.5351076460478215,0.1287347690814507,RELIANCE,yfinance,0.34191797828851794,0.4722898959303983,0.4478643293096152,0.41314242036698623,0.4993885450775205,0.567726127706101,0.8199202395691303,0.6238256970929593,0.6419415296796489,0.6251144990845671,0.30334525974322446,0.620371924328941,0.08347959541088518,0.6584541526969112,0.5814788981687481,0.6045143001171722,12411055.4,10430764.55,0.15049832077897807,0.6701433252133769,0.534222485012868,0.6520090988295693,0.5,0.1311928818867396
2025-06-24,0.6354852920261482,0.5832314616920042,0.5852378099324032,0.5021751194852637,0.4704711916702373,RELIANCE,yfinance,0.37241371348137414,0.4965924059158162,0.4562351925567114,0.4257805254289142,0.44466521722238916,0.5716025316656153,0.7196259518507722,0.6256711946785258,0.647016032310306,0.6198712494297156,0.31488005843363,0.6283946142869343,0.08918659077294849,0.5774107688304342,0.6017954849311724,0.6311048706170422,13618284.4,10618881.05,0.5214604959750005,0.17739797077000463,0.5731251308266722,0.6496212556516139,0.5,0.12418147873531238
2025-06-25,0.6304018446853679,0.5689742125839325,0.6680954831577433,0.5927390630202778,0.17916574193491436,RELIANCE,yfinance,0.5784973382371692,0.5427175593213747,0.46875749885835916,0.4497356913093391,0.4665319930440769,0.6710345591467163,0.7097550780717559,0.650517316860219,0.6567805426166307,0.6531495824020817,0.33989438786967163,0.6391320816166459,0.10649353622783353,0.7068528230910375,0.6296245028164453,0.7315870470743945,13787107.6,10697943.05,0.19992593096101982,0.5491095404922057,0.6541119144304515,0.6393709393353789,0.5,0.11753356526376013
2025-06-26,0.6563292085768611,0.713746095342402,0.6899998206156353,0.7464221689308053,0.41321190001536123,RELIANCE,yfinance,0.6810556002600126,0.6195925110734652,0.5053034261728655,0.48386297342028683,0.4478549347084496,0.8102408135407195,0.8035160075758847,0.7108121334851376,0.6784364196523713,0.7375257474073339,0.40869856474262356,0.6073760347342567,0.19950291349887295,0.8462975199253973,0.7943070894165682,0.8202159542177982,14717240.2,10742241.85,0.4525937697605644,0.9148082663705691,0.7557787503631259,0.6567851420807005,0.5,0.11123107531783338
2025-06-27,0.8103712194423851,0.840969815179359,0.8414286459615576,0.8567448211841233,0.2970151316250843,RELIANCE,yfinance,0.6060209347179728,0.6805965599468493,0.5648520663173286,0.5254762448688641,0.48777676628453837,0.7319324680084154,0.8428374598614217,0.7860259620310712,0.7130309384469018,0.8293329380209148,0.5004741527313836,0.5574769617803597,0.3284504410345921,0.8549130547270186,0.9554845515450465,0.8851803820697282,11138523.6,10608670.25,0.33158196883485447,0.7356365205158892,0.7715422898270062,0.7036691826828162,0.5,0.10525676505408788
2025-06-30,0.8835797407580346,0.8563251748747893,0.8371432192684063,0.7755123319554551,0.2081645858547759,RELIANCE,yfinance,0.29728334070427975,0.7349050146825604,0.6075910028296008,0.5637428673028388,0.4820201065629156,0.7037574690885147,0.819098055523745,0.8183204434129624,0.7481216764687658,0.8328539021251259,0.5452083711958693,0.567854400247457,0.36492980102407135,0.7136302467922189,0.8374214072593664,0.8575536446499978,11622613.4,10624213.2,0.23358485350554334,0.08542985213797198,0.8074077185653981,0.7262084722072122,0.5,0.09959418267996911
2025-07-01,0.8164720293038865,0.8925180282759007,0.8566668792850924,0.9280982923949859,0.2724512918914149,RELIANCE,yfinance,0.6736503057606085,0.8311228952514327,0.6737411822600521,0.6178621825639112,0.5090309177613032,0.8928305479097607,0.8588223001434891,0.8822307207500377,0.7908686801686713,0.8871795613091478,0.6186031577655555,0.5681622654274854,0.43683903851258565,0.8007692264154487,1.0,1.0,10415769.2,10580008.05,0.305624070921643,0.9238303027627058,0.8912867353762592,0.7678510068085609,0.5,0.09422763875103302
2025-07-02,0.9578044196881823,0.8848406929511894,0.8976192410629489,0.875407057114125,0.14093988274986602,RELIANCE,yfinance,0.3436478976626738,0.8949788134691747,0.7341066323583672,0.6598278152293133,0.5273364010227294,0.7443832821191148,0.8477021527202175,0.9125815465064924,0.8320351241220987,0.875964570383034,0.6708308033909738,0.5750468722827176,0.48264503288068805,0.7034704805856052,0.960481740537457,0.8875971495919617,10182799.4,10491716.8,0.16277332879480635,0.4395843386804467,0.911967142188942,0.8156670435956062,0.5,0.0891421768370031
2025-07-03,0.9191666397281297,0.8952596337258312,0.9180953249051553,0.8699179663456844,0.3024704555383668,RELIANCE,yfinance,0.41844401973300216,0.9228770463951896,0.7916136229520827,0.6930303987510378,0.46173307796717145,0.5825191130169648,0.912522675008741,0.9295385265105147,0.8688617646985912,0.8451711406491087,0.7177040533132679,0.5726183434600376,0.5299487017700417,0.6631833658051954,0.9398961856394178,0.8071183222499133,9507879.0,10370040.5,0.34692683706307426,0.19157615112802723,0.8548427890996961,0.8701806475135734,0.5,0.08432354468864212
2025-07-04,0.9354351915257455,0.8848406891328944,0.9380954335421592,0.9220609652323946,0.14889776624078635,RELIANCE,yfinance,0.5104670029074376,0.9376322448604952,0.8331956970054613,0.7299319925041896,0.4392046168219209,0.5244426168447444,0.9117571479139126,0.951980232001483,0.9034759082044669,0.8294721867650099,0.7701254202586334,0.5694566520677782,0.5828978247684864,0.6712951815827549,0.8239695781161125,0.8388159208455188,8605168.8,10291107.5,0.17629786570610037,0.7942168185349688,0.8009001052285101,0.8925452725159131,0.5,0.07975816620646192
2025-07-07,0.9486530130105493,0.9660009097467865,0.975238379037477,1.0000000000000009,0.17014861876333587,RELIANCE,yfinance,0.5508847988707046,0.9883449766556094,0.8908388086902299,0.7707526266129818,0.44932044786249736,0.6810729043788684,0.972547095617889,0.9857017790382088,0.938910013971087,0.8352902960357895,0.8341875930658098,0.5573431128425597,0.6533795625846859,0.6910754966090313,0.9344379492227731,0.8713419726826173,8373478.2,10259404.95,0.20118255515601133,0.8440683442834772,0.7967062075605362,0.9372162058411753,0.5,0.07543311384589302
2025-07-08,0.9964416111798569,0.9665490923022686,1.0,0.9785938913684715,0.16752946340574337,RELIANCE,yfinance,0.39354698248651976,0.9997521501092006,0.9499111084235334,0.8143915568013682,0.42104095655488083,0.5096419210962231,0.9572057814997288,1.0,0.9705403073951566,0.8083000345152107,0.8821011909774406,0.5735765086130975,0.6868523176039399,0.6451739542452499,0.9457603586720319,0.8982562426030468,7734025.8,10222308.95,0.19917852466103722,0.47249115072402165,0.6977866209666198,0.9806058139373846,0.5,0.07133608178228235
2025-07-09,1.0,1.0000000000000009,0.904285744001835,0.87650420258512,0.22329719542355167,RELIANCE,yfinance,0.266282578467011,1.0,0.9850958248275035,0.8452602667097562,0.45713292239643566,0.462113472833989,0.8593269278677655,0.9762775404651574,0.9903976376646726,0.724764011757449,0.9068018704670795,0.598099180538588,0.6919460398531629,0.5554932810365616,0.7807869149196545,0.7857699022729289,8235957.4,10256056.95,0.2616317419069155,0.15061960486334108,0.6235968867107029,1.0,0.5,0.06745535976778205
2025-07-10,0.9135741455173951,0.8557762289805355,0.8919051040251862,0.8666245118846225,0.261904378268345,RELIANCE,yfinance,0.41143966124848275,0.9992559944418407,1.0,0.878550927043527,0.4602143278319092,0.4578596818604839,0.7752551644669481,0.94891151634627,1.0,0.6519990482147638,0.9239846495762762,0.6379602999580261,0.6784820097916617,0.534676251279125,0.6426813487471318,0.8080383866507747,7988725.0,10317007.7,0.3032658586454794,0.5406861995219451,0.590189803025768,0.9814792793057732,0.5,0.06377980775964875
2025-07-11,0.8744285133027825,0.8025837602529515,0.8100006064242811,0.745873259853961,0.1696208366273911,RELIANCE,yfinance,0.23430770240652332,0.9594544323948764,0.9862527706939304,0.9081866155518945,0.5312245780889809,0.29138711017363084,0.7179437480946038,0.8878918492560308,0.9936711884514173,0.5389581012031002,0.9163164725925821,0.7060230819657871,0.6206833265901954,0.43407279562835566,0.45502651486291446,0.7789173067611799,8115023.0,10190893.45,0.20239552083926546,0.12896520235921066,0.5265571276320622,0.9187536590682719,0.5,0.06029883118436219
2025-07-14,0.7737668385870142,0.7203263608080617,0.7566664768984035,0.682752752113065,0.27059137097374153,RELIANCE,yfinance,0.3248870781027946,0.8877869117022215,0.9747512891676546,0.9283987327948662,0.5419441226976601,0.15836483364893267,0.6951988203708965,0.8173720923992945,0.9724161259744737,0.4330476671967468,0.9072425395821639,0.7578965505221991,0.5737465148534143,0.37350686101333447,0.4688952996435422,0.6955059449443209,8727177.4,10283581.1,0.31431525011488815,0.15342378757071035,0.38381802787553926,0.8723354381110149,0.5,0.057002357136803905
2025-07-15,0.7432637725156717,0.7011333612430741,0.7723812303618338,0.6920842064194117,0.19907211680344059,RELIANCE,yfinance,0.4424466329824471,0.8230631389618814,0.945487339779346,0.9522658758318805,0.5275217798341035,0.18699824033908097,0.6491276694486681,0.7605431069710114,0.9423635953206071,0.3706245123638975,0.8899591575091232,0.8284688364887973,0.5054311241085836,0.36566535597455607,0.3557230542519817,0.7281209619528494,8919416.0,10171873.85,0.23662765458643778,0.14517085487717646,0.29502214371587887,0.7906813086976654,0.5,0.053880811120412986
2025-07-16,0.6761564225334071,0.6709721779216737,0.7204760674398125,0.6931813518904066,0.273811849458801,RELIANCE,yfinance,0.42899357404736205,0.7816497168341581,0.9228927399999574,0.9767054102099273,0.4963122361763773,0.2835515404113974,0.5390619420141884,0.7127775637084417,0.9073541434650186,0.3354522726414537,0.8654936291573954,0.9103343836667008,0.42228585584961076,0.34687930298573505,0.3978112700093491,0.7332657392040457,9227280.6,10358286.25,0.31517234526983406,0.7198954164250952,0.24643021534712695,0.7196852127031292,0.5,0.05092509478954321
2025-07-17,0.7493646259635689,0.6632948643954029,0.7319048666532106,0.642685752916921,0.3212190438286261,RELIANCE,yfinance,0.3448227182617113,0.7310609859654029,0.8947176759325473,0.9956845600215143,0.4718343247372402,0.24396857741881542,0.39764053788901693,0.6581802800579031,0.8668105214630883,0.29618411582985915,0.8375743231576571,0.986563290715134,0.3402304392719274,0.2700932976176509,0.36147611801825863,0.6853415595855756,9588777.4,10450655.4,0.364614988503694,0.08488369953300946,0.18829345656607477,0.6463596615890952,0.5,0.048126564314555864
2025-07-18,0.7361466234389269,0.6369730399942233,0.7090474687263777,0.640490116609544,0.27008180180089125,RELIANCE,yfinance,0.4235990268812461,0.7072544796854263,0.8598050348956257,1.0,0.4721389673202464,0.3573912878587666,0.4528606680607142,0.6124057855069311,0.8238653604293916,0.2791437992521517,0.8339724507967841,1.0,0.3270533409646045,0.26172519907780323,0.3191337115564754,0.5570772535414019,10201042.8,9514939.55,0.34465442931373147,0.4005132996989017,0.20694940647893584,0.5808965122342975,0.5,0.045477009560651815
2025-07-21,0.6354856364140469,0.5887156278618457,0.490000023276008,0.3803260493009146,0.6686807359782909,RELIANCE,yfinance,0.0,0.6389349840044876,0.7829701838927559,0.9875820329995548,0.72227678160206,0.16126433495102788,0.12699866173259075,0.5016787353481463,0.7640852377899396,0.15968995255592294,0.8611914814607093,0.9374248646983911,0.3984578784593792,0.020191246439242777,0.05315934664463329,0.4142515520896106,12627222.4,10337622.85,0.7608555772586812,0.02264107951071251,0.21085439986160842,0.46581207867626795,0.5,0.04296863402105133
2025-07-22,0.44433170740879735,0.34688060556380584,0.4309523489353424,0.29360514198649934,0.6015249796039426,RELIANCE,yfinance,0.28007825593990165,0.5489168458297691,0.6980367952324258,0.970848679989258,0.7374437772936616,0.06650255128292526,0.11779951122362364,0.3899934002892734,0.6906171144522811,0.06256562431139334,0.8994593439725964,0.8508486681471226,0.4980497905872595,0.0,0.0,0.3767655062061068,15079995.6,10537301.65,0.67089723450262,0.017112609403521356,0.1813521323174539,0.34257394547811615,0.5,0.040594035627877556
2025-07-23,0.43721385130177914,0.3145257836530453,0.44857147676318565,0.3583710315925428,0.20636196193451337,RELIANCE,yfinance,0.5383098769546978,0.473281751379357,0.633792227669197,0.9520455758644939,0.7415781968370122,0.12958787559164175,0.20002801056338299,0.3213376470978212,0.6160785956820203,0.05497054599136231,0.9243801252248183,0.779213243229691,0.5742680003768954,0.09724270770395674,0.1275767703713533,0.3608122121669727,14668918.2,10578738.9,0.23290064297714266,0.8958485896100796,0.14143743529563096,0.25748370023827766,0.5,0.03834618782857202
2025-07-24,0.4026430763259379,0.2980742985532432,0.3609522141317596,0.239266506792414,0.4159229734083192,RELIANCE,yfinance,0.22457091513592373,0.3821476048674004,0.5560046124364799,0.9113570030051363,0.7837487171055079,0.05917614011837363,0.10676196101044566,0.2355823922816494,0.5367575508194575,0.021035741028383237,0.9599902088305807,0.6501838740904677,0.703368752158864,0.06949300527448193,0.03910128732575591,0.18150868724458102,15246097.0,10582869.6,0.4634321639371387,0.19336229255044884,0.09414699414587563,0.17815931146060587,0.5,0.036218422276276474
2025-07-25,0.2994405672759406,0.17743088299067633,0.3042854338657577,0.1777927262820489,0.3212226207889456,RELIANCE,yfinance,0.3210003616513857,0.2776222700800961,0.48556695226795554,0.8568853804958767,0.7785400748539649,0.0,0.00011985173573637875,0.15357870359992914,0.4544718806865004,0.0,0.9808259080756336,0.5155183131125547,0.8236442285942928,0.08680863584439301,0.08011659023307488,0.07272252257514378,15557777.8,10619753.1,0.35771492500823765,0.4120144471957364,0.0,0.12964440244818787,0.5,0.0342044114205966
2025-07-28,0.26588728652474103,0.214721201157281,0.30857149133034056,0.1552894721795255,0.18646766340908408,RELIANCE,yfinance,0.38801356518771435,0.22678553735862117,0.42016552224583137,0.8071255436193123,0.7658789518322265,0.22937518343147184,0.0,0.08638402688452174,0.3732148016667701,0.0072984523534929124,1.0,0.3923017310582537,0.9346789228212761,0.11952529923271399,0.10997367003892827,0.10741462835669002,12618901.2,10586694.8,0.21078541509854457,0.03397551070168241,0.020391148043593765,0.08351755075085959,0.5,0.03229815210434017
2025-07-29,0.21860710506128012,0.28271991925869244,0.29904787673670263,0.3172062142427112,0.284972261000884,RELIANCE,yfinance,0.7100176037322776,0.23211712130633622,0.3736835059521688,0.7581143056765143,0.8647290105376645,0.4856201435934019,0.20938665457541444,0.08330635659778818,0.3075024758042829,0.11759751950082997,0.9698961327801108,0.34043666441140275,0.9458896508999343,0.2329528493271991,0.23601008138324397,0.12102707840749671,10689651.6,10605772.25,0.3184652854282858,0.9379235900146526,0.1316029916304607,0.06878256044341685,0.5,0.030493949940964882
2025-07-30,0.39705132271975696,0.2997201336520474,0.3861909106188106,0.2787852695944064,0.16879577299113396,RELIANCE,yfinance,0.3614919191477675,0.21413835464143283,0.32230154741822403,0.7102479583530528,0.869065296107569,0.37888719301092516,0.20090451787917507,0.07428258115673053,0.2528606696352996,0.19614929724075075,0.9441608534040196,0.2845833627988501,0.9643541664475813,0.22993174764181443,0.20354255251322434,0.12789128979851067,10460702.2,10648214.6,0.18983825079981384,0.3560348708924139,0.19885086991207357,0.0441467256219511,0.5,0.028786404252036046
2025-07-31,0.2445344225322561,0.18620489598542456,0.29523776637481713,0.1695597628120833,0.4922310226749421,RELIANCE,yfinance,0.23946725877672315,0.1983913007271667,0.26363752755055003,0.654058945946149,0.9041172270716394,0.38797308257178925,0.20427435868996213,0.04083505851994873,0.20146735237134256,0.21919921590066377,0.9207236518318656,0.2094106790162673,0.9999999999999999,0.19236714921261774,0.15280387960903474,0.05933772752927652,10925766.2,10937341.4,0.5274423367325831,0.3472049326746025,0.28677915500636597,0.018054686912239215,0.5,0.027170393524313052
2025-08-01,0.2384340436200807,0.2043017168691037,0.3052382658982067,0.1887702351362357,0.2708973815698793,RELIANCE,yfinance,0.46069489721941465,0.20087116729244414,0.20762770214336435,0.5952277910837456,0.7847253177848178,0.472652067744155,0.24407498296187224,0.024672775074143838,0.15664168310611515,0.2658004993230645,0.8754735478217963,0.16008413122501253,0.9952772691260886,0.22223544448980836,0.17042171936585687,0.040659445923524606,10619056.0,11123224.9,0.285702975982135,0.3956606155042572,0.4115854517727453,0.0,0.5,0.025641061871505944
2025-08-04,0.2801217046403659,0.26023617429862345,0.3404759384215854,0.28646932398752867,0.13935873502406293,RELIANCE,yfinance,0.5971040278831821,0.23050526122557713,0.19599018293356885,0.5379819648695481,0.8214364583221522,0.6000914864454947,0.32683105323695383,0.044261362938438464,0.12527887553860317,0.36132733537962225,0.7951903148930572,0.16351554018505432,0.9161243609415527,0.29004502444970093,0.4641493598615965,0.05788790614477124,10331947.8,11076312.2,0.14887931367437457,0.8194549974674882,0.5054431871495353,0.055795000526065563,0.5,0.024193805665538637
2025-08-05,0.3609554647986659,0.2322688021747723,0.32333305392194056,0.1777927262820489,0.2379106206876093,RELIANCE,yfinance,0.24059598834554605,0.19901115339704667,0.18163032531022338,0.4737345178153447,0.8542820879946361,0.3163596806536775,0.2868337929339084,0.03372708158533522,0.09776985734575033,0.3886722130182325,0.711295195732232,0.15856066380825595,0.8392631258493403,0.23678932894237215,0.4442591925395872,0.0,10045127.8,11183547.75,0.24943368376358485,0.0825950272637647,0.46249127305230003,0.1161908801278893,0.5,0.022824261116292988
2025-08-06,0.2638538940689479,0.14946425076771686,0.300476751429831,0.18383139881002464,0.1236559448539043,RELIANCE,yfinance,0.43771986415350345,0.1775606647179071,0.15998873998327667,0.41816209706140306,0.8207542974675434,0.36201322084387466,0.3090966770169854,0.031901727518858114,0.07534352397248767,0.4247368187751604,0.6397907823460933,0.15276717793944172,0.7743543942181544,0.2537646188576964,0.39470918571900293,0.06475765792265109,9770020.4,11031730.35,0.1331799390997417,0.7546891465859475,0.4584420047688722,0.15264993989170578,0.5,0.021528292166907548
2025-08-07,0.24250070157457237,0.13739896760803472,0.2180950977830074,0.1651691628800238,0.25959333374047233,RELIANCE,yfinance,0.3947284430897885,0.17656880926894658,0.15080123359738806,0.3618850618110869,0.7239749232726443,0.45640604760988923,0.30327394343757164,0.029989266693566885,0.05696333790675712,0.4534465878558964,0.5574553982132766,0.16097918546274848,0.6873529336617779,0.2517903062627337,0.47989149947635384,0.05843278075393038,8352196.0,11028209.15,0.27681958183788846,0.8569483754191806,0.47565183807818734,0.21135699129903796,0.5,0.020301979066648546
2025-08-08,0.22877451813114114,0.1565923055798919,0.21333324888636263,0.04661354715673838,0.2207685798230363,RELIANCE,yfinance,0.22039480974265657,0.14445500073245654,0.13453601432941298,0.3057841801848653,0.7002545636146281,0.3110354732141815,0.3594142490516845,0.0,0.03537336549285558,0.43067128635292307,0.5042505373176205,0.12820575574659188,0.660293060702023,0.18139527487488827,0.4292461209521582,0.05310258126674838,8046683.0,11106139.9,0.2336747861099064,0.00348221475221637,0.43530325290273597,0.25771703833497417,0.5,0.019141607509844505
2025-08-11,0.15251660627899621,0.1061421027845375,0.195238131129976,0.14760541778640324,0.26027528614780115,RELIANCE,yfinance,0.6061558124708927,0.11308504579220369,0.1335832500995675,0.2628498644928534,0.7501539642518004,0.31635827757390333,0.48574297442931064,0.009960616086300111,0.020388440647530315,0.47753794148139517,0.4480764972344513,0.12505045607356458,0.6069493485521207,0.27316815377915793,0.5376723332004092,0.16000709021505916,8783616.2,11090421.9,0.27559605733155423,0.9561312105453555,0.3641507357222348,0.31287134055698784,0.5,0.018043658184034417
2025-08-12,0.21301497517734358,0.18236694539967413,0.2619048023534747,0.11577138206022575,0.33401901584301363,RELIANCE,yfinance,0.3715438717126488,0.09907415680889464,0.10860686485686166,0.21661288422362368,0.6455865577979406,0.39550689710677406,0.41711693767410846,0.013836175742893864,0.009290366477869294,0.5051174082847649,0.37960172286541294,0.13297254417360627,0.53226395669451,0.2577505307046246,0.3707222877513539,0.13272713568071193,9369354.6,11296032.4,0.34536461237128213,0.12489023763769237,0.38454241549150836,0.3312755706504792,0.5,0.017004796800369704
2025-08-13,0.24402636514039955,0.12698056830340043,0.27285723761106606,0.1278460363854066,0.17690700634969528,RELIANCE,yfinance,0.4484037746230505,0.0864268221297877,0.08989154935744992,0.17125661810622894,0.6487617876551314,0.4019324571571606,0.49716637951728765,0.025220973061812868,0.003025965912582085,0.5394151346020669,0.29450770186274333,0.16617055094999245,0.4205266649325651,0.2761438204738502,0.41362356894286734,0.14016299484865052,9693896.4,11148384.3,0.18670138772198783,0.3072058697106692,0.3948100383427385,0.3592312448348355,0.5,0.016021864723066326
2025-08-14,0.21759446707359142,0.09634964246760891,0.2636763714453041,0.10966140516687606,0.1660483721204362,RELIANCE,yfinance,0.39532609124138257,0.07388738041356646,0.0824646091418817,0.1284926274257483,0.6474792572821036,0.40229335094272917,0.5273994599151697,0.03386849707892964,0.0,0.562393712492482,0.20813067903863924,0.2061906673334004,0.30137000177135087,0.2601304973451878,0.4917839897267668,0.1596619313388467,9123781.0,10911960.05,0.18065003818680103,0.2986734393167669,0.38134142690712697,0.4030792491552667,0.5,0.015091869964195759
2025-08-18,0.2824174412969427,0.17453089846181502,0.29666486223400224,0.15319473827598173,0.3189381901584958,RELIANCE,yfinance,0.5036998132186385,0.09796453087227874,0.07805351844244868,0.08939742454118971,0.645294591642399,0.5756541133322219,0.5800157084711537,0.05759111524197286,0.0030261681622321124,0.6053371247133161,0.08929389590243453,0.2993382968213272,0.10677004948480062,0.3153956466843493,0.5132444786776568,0.19052243887484416,9722081.6,10986399.6,0.3410532250583318,0.20125747210308292,0.44688016161624744,0.4472367530129461,0.5,0.01421197859949741
2025-08-19,0.2824174412969427,0.3182293736685802,0.35451392322379593,0.3648025508127688,0.4042473811317837,RELIANCE,yfinance,0.7969129097524976,0.147030299383216,0.08776624205282602,0.08815199035515775,0.8212414201498454,0.6914956194726972,0.6166716638887062,0.14001651776376872,0.024372766481501995,0.7353312349843847,0.0850129255847012,0.303008228129265,0.09949523884001016,0.7159855795260156,0.6122626526055547,0.5095609198635442,10599528.2,10583498.35,0.4505507790677311,1.0,0.540696954115796,0.46550800394640285,0.5,0.013379506630890159
2025-08-20,0.3998138302247085,0.33970171412057226,0.45443534690190823,0.3256773073857202,0.2185382302073249,RELIANCE,yfinance,0.360694345238344,0.19444895264805773,0.10610280395268212,0.09072510692670654,0.8224862838398653,0.6846954400299687,0.6161273627484063,0.19713843148377608,0.05456578495742914,0.7981017325923211,0.09119198892867253,0.2992074837068479,0.10884540669559306,0.6336139823979616,0.6743034893717603,0.5431029267441436,9895723.6,9999964.4,0.2645551148469185,0.13230440764966706,0.6123457485962013,0.4934891604496722,0.5,0.012591912299862784
2025-08-21,0.4610641201000645,0.37824157110761547,0.5036790952569499,0.39070285251095616,0.2938736744285503,RELIANCE,yfinance,0.5382958422336576,0.25382944037287736,0.13175328886321758,0.09331905539130148,0.8259201940855537,0.7406663832997735,0.7523336093036552,0.263009707253447,0.09384487708835465,0.8625727111945991,0.09988313935552817,0.2918832221466303,0.12351090542079018,0.7392391475995095,0.7259587900317905,0.5430971646263801,10608584.0,10133300.75,0.3467616395831852,0.34244713541283484,0.6963559244077515,0.5339610787200925,0.5,0.01184678848033327
2025-08-22,0.43554316598533305,0.3314431733376342,0.44439552369026725,0.30473669517720126,0.12314913223763055,RELIANCE,yfinance,0.2815514690280698,0.29789778919720966,0.14905860004629012,0.09857166071365597,0.842186250482884,0.6690618759586366,0.6649154536487227,0.2926165438247561,0.1320661647266107,0.8550669729184437,0.10862423191212223,0.289618208634737,0.1343314478178267,0.5754691178861964,0.667202824339374,0.5670514371977584,10347132.0,9687218.8,0.16062774695219575,0.0,0.7623808336288864,0.5566332760254774,0.5,0.011141856051924304
2025-08-25,0.4084907053956499,0.3099708328856421,0.43387714121375787,0.3234729262033458,0.1284174040975098,RELIANCE,yfinance,0.45929950387667273,0.33636436578084883,0.18338705473410677,0.1102594320848187,0.8132242436280813,0.6415823372438418,0.6106018008841512,0.32285344578623415,0.1695858778336038,0.8500888934629602,0.12311816884962745,0.29160923875600453,0.14783455541628537,0.5897125165751009,0.7918096851261337,0.625017741907939,9185991.6,9393453.05,0.1743407686556117,0.4686613982758084,0.7791640457021782,0.5999306623961046,0.5,0.010474956992603257
2025-08-26,0.3742928761099771,0.25766674126036904,0.31865699489018073,0.17082911505228449,0.33075692648010924,RELIANCE,yfinance,0.16634629868610085,0.29254493058075504,0.18626661634412223,0.11150616151808457,0.8716957154457566,0.26095865156819875,0.5764539248154095,0.30514970235033656,0.19553669885177544,0.7680008736393302,0.12297757719301572,0.2942143529270833,0.14568655544919717,0.33018656176746364,0.5649145530383836,0.5316094171506522,8738099.6,9613297.95,0.41393867871754986,0.03641382741449341,0.6708267111331142,0.6032103153569023,0.5,0.009844048100569935
2025-08-28,0.281907146828682,0.15966512180346548,0.24646516256694095,0.17633973166687422,0.36411631474244854,RELIANCE,yfinance,0.4368090016815249,0.2588089285529751,0.1937766304608477,0.10020458969778723,0.8711686221648406,0.30622850804078483,0.5760571724943075,0.29446593915553343,0.21384426106143234,0.7137675057616284,0.10974988910435357,0.29117219211694056,0.13430526409473142,0.34994267684887276,0.5980629030340724,0.4210892851011159,9625334.0,9733885.0,0.44787495460602567,0.7556987904354249,0.5761713872386178,0.6310117394259447,0.5,0.009247195074028713
2025-08-29,0.2369900183586866,0.22187973120097215,0.1675799202329875,0.018184631218531422,0.5477892563929387,RELIANCE,yfinance,0.15172093662099906,0.17465545673978333,0.18017945130355528,0.0792968707204551,0.9369981800283683,0.07804922844871454,0.48643251340232324,0.24347886709771338,0.21678318955521156,0.6047181085120772,0.1123512185588833,0.24713871143796062,0.1709181387349203,0.12054631564999521,0.4475079533701728,0.33574852480183215,11172837.8,10311334.65,0.6264103958097752,0.057113583296348844,0.4087595070335765,0.635391771737811,0.5,0.008682566631120991
2025-09-01,0.108874953316767,0.0,0.12263911999975186,0.0,0.300795092646718,RELIANCE,yfinance,0.394858688275344,0.10581412382708244,0.16658227214626464,0.06569326678137166,0.9346492813714303,0.1442698667006725,0.5482974857549536,0.20077227244034263,0.20932848818871624,0.5309692579342336,0.12283124398958556,0.2060221930193613,0.21356457145940644,0.12959291099472298,0.4472751185369889,0.39854318943515865,12255511.8,10019655.2,0.3595231426144442,0.5683307229926251,0.2770664765215637,0.6301113641577568,0.5,0.00814842935888338
2025-09-02,0.10275017355729954,0.11727154795042605,0.18909407723315663,0.06943363480729303,0.31014008197014775,RELIANCE,yfinance,0.5510049203515649,0.04842555294383466,0.1561965331659625,0.05611901508752659,0.9611498732925373,0.1976066664645315,0.5238237591987547,0.18962584006550276,0.20080539920479284,0.5233884262309542,0.12320686940091718,0.18701501387604047,0.22868192977840995,0.24586646165769968,0.4706482588196587,0.4348578826429246,13363031.6,10079446.95,0.3677803802606965,0.3560386203744881,0.16526512639916852,0.6249983404372134,0.5,0.007643142277707238
2025-09-03,0.17880211836306437,0.07322599710809019,0.2177796199000488,0.10304826161975278,0.18972309109359523,RELIANCE,yfinance,0.4865862918007188,0.03311356600526594,0.12374099459310628,0.04140333345907976,0.7796806393333048,0.38935488859654205,0.5722511243599371,0.19328214429724005,0.1948264505736238,0.5414405821424778,0.11015865292580074,0.17713044387618915,0.22282137790461176,0.3062237149502871,0.3200756670488145,0.3905694974526037,12503492.4,10156184.1,0.2263776321376431,0.7572555486972999,0.1985149965251709,0.5889113082536881,0.5,0.007165152242215367
2025-09-04,0.18952141754738694,0.059461762469860346,0.2015243623337053,0.029757464255323995,0.36613004495385904,RELIANCE,yfinance,0.29830482615717957,0.0,0.0870491875063859,0.029526617897369434,0.7741799476118961,0.30611346175390314,0.5136948997521682,0.17849641390790827,0.18664834601274888,0.5258362914146402,0.11184051296502062,0.15182741172688452,0.24422703867817686,0.21774285488267725,0.2895159277932981,0.4141292011701131,12515765.2,10351544.35,0.419301438328751,0.05216171060820064,0.19924097931817614,0.5418187694623889,0.5,0.006712989134759262
2025-09-05,0.14460428907739153,0.09800161945690355,0.21204274481021468,0.11627387603130668,0.12179405496724768,RELIANCE,yfinance,0.5808510200999976,0.022158783186203124,0.05302208422909516,0.024106547901130426,0.7893636498899325,0.5669239326832354,0.5859295985568929,0.19427263219141422,0.18372823355021567,0.5631448043031145,0.10911478695040344,0.14523572834084142,0.24652767136381037,0.34404482816015103,0.3099874436767559,0.47195076414190823,9919511.8,10348707.5,0.1444265319072481,0.7203752017940421,0.3232390530532831,0.4907474913477905,0.5,0.00628526155818232
2025-09-08,0.23137553306747982,0.12553008873336324,0.27467272957782374,0.13556103418237164,0.16147353832028766,RELIANCE,yfinance,0.46106506001386166,0.052782605101421964,0.03204559055659928,0.021731118438971464,0.7455248995447289,0.6077258390923979,0.5699477058536833,0.21494889964234937,0.18613961310081872,0.600974841847223,0.10784025290745625,0.14246022974345252,0.24736534730507787,0.3731063711641593,0.3983083658159827,0.4991250309348627,9070408.2,10199208.25,0.19286980572041015,0.4106926769694758,0.4392509615815782,0.4579864371249843,0.5,0.005880652629103089
2025-09-09,0.21402115965542823,0.09910248939525435,0.25698296143459043,0.12288634689573819,0.2522998460167807,RELIANCE,yfinance,0.40500748330292674,0.06485780315339085,0.007174382210841657,0.027850406068104405,0.7328097102381476,0.5183527166177482,0.3831008706825051,0.2302600291514727,0.19158429907952867,0.6224979156463278,0.10611041530128773,0.1567218929565879,0.23447421261630408,0.3487197997627035,0.37159308383865647,0.5761399357834406,8717897.4,10247250.55,0.2948825640719175,0.58128417630248,0.5202705349355298,0.4073241609357615,0.5,0.005497916044962192
2025-09-10,0.2512820018910036,0.1392943233715931,0.28280006655656553,0.12729510926048615,0.1878608402292917,RELIANCE,yfinance,0.43493693374611087,0.07033527054388244,0.001776497008798117,0.026220931076602838,0.7311415516780783,0.48692831299002665,0.41179455523644387,0.24598687967132404,0.19955108373614583,0.6403936730515896,0.10555328678669085,0.154368044234527,0.23572620507922304,0.3565797095987776,0.5061760707406235,0.50577822350355,8706547.8,10136917.0,0.22479917877789338,0.13235879419055768,0.5445184665669497,0.40024043317372604,0.5,0.0051358723677501494
2025-09-11,0.2109587697756936,0.12277724180571781,0.2871030146783715,0.16201226300547944,0.25268116967652565,RELIANCE,yfinance,0.48806633011386213,0.1002121996244707,0.0,0.029930789003630665,0.6294554008214591,0.6035800705311951,0.37816972396653775,0.2703648312820148,0.2115219232052069,0.6688047713914547,0.1068565123859404,0.15967772980664918,0.2329507532043218,0.40271555019959676,0.5318560214615856,0.5538918079772781,8015126.8,10012987.4,0.3038388732528111,0.7958089907356843,0.6179878897704304,0.39229316173049844,0.5,0.004793405441833709
2025-09-12,0.24821961201126985,0.18223900427557815,0.313398095456356,0.22648620832310318,0.17514632146877473,RELIANCE,yfinance,0.5397184269715362,0.1251096405249612,0.025827809322041873,0.03784458770958388,0.6430965163520078,0.5784690508279865,0.5100308770901159,0.3095927363900448,0.23010569842237058,0.7157273977427862,0.1130348755274273,0.16618326457965438,0.23430626681411282,0.48770771071363533,0.7312617611477312,0.5917090124428918,8340285.4,10010304.75,0.21372044254178382,0.9391077835801797,0.6211821431628866,0.42603253713815825,0.5,0.004469459043041191
2025-09-15,0.2977300137657819,0.20701462662439152,0.35212346133488825,0.2501821288389161,0.1092951054942406,RELIANCE,yfinance,0.4682088961896823,0.15100303984623764,0.05684848813423571,0.04911841965157748,0.5968317913901678,0.582856008952213,0.5150095477098906,0.34856575404724344,0.25392129763211824,0.7528502326970465,0.12138382027469952,0.1760930149308173,0.23526682984856484,0.5112216806629701,0.7693705496192713,0.6222212311393571,8022280.8,9923833.2,0.13889258544756392,0.8933054910836115,0.6156647802812021,0.46421590048162437,0.5,0.004163033688140416
2025-09-16,0.35744879716618616,0.24665535354978552,0.39802021288014267,0.2832458285264554,0.2172689015361601,RELIANCE,yfinance,0.48424389478526947,0.18722893792598683,0.08335957195254906,0.05955228376103605,0.5993814194170134,0.6317458555853398,0.7030363541139348,0.3895235609384349,0.28237808270012,0.7857821464717156,0.13312971756606018,0.17956297037191504,0.2447372989187102,0.546503038037124,0.734899032752798,0.6140976621349348,7808782.6,9768925.8,0.27092969554537993,0.7214952000439632,0.6438331253399723,0.49579170566936814,0.5,0.0038731836005081455
2025-09-17,0.36918868528703097,0.2918017743304713,0.4396145999124519,0.33008606975046817,0.1789546028276167,RELIANCE,yfinance,0.5076657552075959,0.23304028996765602,0.11151053124341814,0.05676701648595994,0.5695802170983709,0.6767866701572676,0.7375508234269166,0.4354353815474936,0.31568530556808494,0.820198824509658,0.12566170825394707,0.18478288580444335,0.23295611192695065,0.6189254888413506,0.7457813355876971,0.49608808160624523,7754503.0,9425660.7,0.23596110461268707,0.7411453983654773,0.6908768457749161,0.5476579322033271,0.5,0.0035990138722863385
2025-09-18,0.4375849669285454,0.32373506752387193,0.45778176010283467,0.3366985406148997,0.23845766590343961,RELIANCE,yfinance,0.4384940399437429,0.2725026730101643,0.14956888732268148,0.05765123859905685,0.5166314747793744,0.6460416240793518,0.997544788406798,0.4734173184506981,0.3510521012419398,0.8348126917685166,0.12787529222234362,0.18334881568783779,0.23636093733992158,0.626196908846784,0.8193043731548229,0.528181926782639,7667817.0,9456010.75,0.30827776108482174,0.3341150762064363,0.7020569098903998,0.6116281174619285,0.5,0.0033396777310064074
2025-09-19,0.40951191740234005,0.29620659824741224,0.42383731800211777,0.2948179888805553,0.37394672055253475,RELIANCE,yfinance,0.35575399790259643,0.2879391167608514,0.17170699768335496,0.04995849542138231,0.5258231311674822,0.532806631945428,0.9500336868183037,0.49114626679037393,0.3834162745363476,0.8135073391457627,0.10687449406667149,0.19829732889983376,0.20299804210773842,0.5844429715567278,0.7024998467368311,0.4534402248924222,8879418.0,9578013.25,0.46824085306626073,0.22492905721960088,0.6910220068851387,0.6596935526306956,0.5,0.0030943739687758764
2025-09-22,0.3533658183499311,0.26152045812636526,0.3492550237899703,0.2022393606823698,0.18678299379174237,RELIANCE,yfinance,0.26840875912466844,0.2771086387919883,0.17997460240672503,0.041735240563300025,0.5619135133790197,0.41086077447819147,0.7408958514497535,0.4785794315055598,0.40642214713565605,0.7471047513199943,0.09281972718577691,0.2023683502195226,0.18524111463955217,0.4536670234049619,0.6033184585525525,0.44802859749736407,9351672.6,9674968.35,0.23752819399387345,0.03454182654881892,0.6481888448560947,0.684720259100223,0.5,0.002862344521058713
2025-09-23,0.2875216321198888,0.17508133343099086,0.2957089109219826,0.19783127100031273,0.3921048478608842,RELIANCE,yfinance,0.41955112277179296,0.2578131220941078,0.1892672022820303,0.031655140855168185,0.4971251837747849,0.37201413261893934,0.7013985588186189,0.467160688295855,0.4222049921422205,0.6958531683967937,0.07328408558768551,0.2106317521397738,0.15850341627957115,0.459376145830092,0.6107286590836842,0.43189614116852376,10417220.8,10076733.1,0.4626422067302278,0.7099980811002221,0.5834310379267513,0.7139571871345839,0.5,0.002642872151155551
2025-09-24,0.25842799365716296,0.18058702728628262,0.31292011980034573,0.16035880894802546,0.12655843484817822,RELIANCE,yfinance,0.3621151569888268,0.2194710023225852,0.19336684925965386,0.03081511905399914,0.45969150659909175,0.2851895128527443,0.7582738399814777,0.44749362267099785,0.430315521055508,0.6414136221789988,0.07273464105550964,0.20979031763988587,0.15858203369659796,0.39800586073033295,0.573667769914689,0.5128943728633274,10097889.2,9765608.1,0.16285114107089013,0.09325066923805127,0.485278022519294,0.72208504756057,0.5,0.0024352782322072386
2025-09-25,0.23801123036537675,0.11727154795042605,0.25841747201147935,0.1019464073699119,0.30666606591235246,RELIANCE,yfinance,0.32524440830123524,0.16643948359692473,0.18591914056879766,0.02484661979059055,0.47072739687146925,0.21802078803689384,0.561133583184688,0.4157125182587576,0.4295066974810885,0.5781256272523019,0.07091144023521245,0.20086004842793237,0.16359711501527474,0.3082133120733059,0.4915844627911804,0.46699416053281717,10513589.4,9678074.6,0.38171246301576367,0.1525927950322098,0.3773970858242457,0.7172317008041705,0.5,0.00223892074875387
2025-09-26,0.1905420064839083,0.10736103017819243,0.24407470067803327,0.13060134469270235,0.25639060879241127,RELIANCE,yfinance,0.4776069858505229,0.12934223587042837,0.17403014765218217,0.03386569613791224,0.4738298087241274,0.2901255439261847,0.5746796499049716,0.39923386791807525,0.4250759822909726,0.5524261991250736,0.06489624609075761,0.22679641422317331,0.13725143304009857,0.34236923899923616,0.460772859546446,0.6028569981516989,9797136.6,9234087.95,0.3399647419377225,0.6878381043329,0.31612403174969245,0.684954168229274,0.5,0.0020531922806563685
2025-09-29,0.23954211377015966,0.1420471702992394,0.253636548233664,0.10415078855228632,0.39923569874656417,RELIANCE,yfinance,0.38085291149044576,0.10718360464614385,0.15592337350100927,0.04222160590041213,0.47554031554773546,0.3577217543150635,0.5560556576285249,0.3794693592066293,0.416993289178679,0.5265132911500003,0.05490043397997901,0.25710015671330844,0.10341853717541277,0.2772738907336395,0.41740768266780726,0.5969815396816148,11091942.4,9384076.0,0.5107327827789,0.16297361934775273,0.3029113576073179,0.6429115540831181,0.5,0.0018775181535608532
2025-09-30,0.21657325506690128,0.07652927900491147,0.22877597803256844,0.05565709327081869,0.4114657855049164,RELIANCE,yfinance,0.34192861354952886,0.07506584509974346,0.12770410344202077,0.0411163282590401,0.47648156533315833,0.31119452341046194,0.49167828578777667,0.3511703317607733,0.4040294062868744,0.49187840992653686,0.056148914896386515,0.2531963040553702,0.10773346984921606,0.18955432585842563,0.34730640372234567,0.510385007678929,11209938.8,9538459.9,0.5162847141848615,5.27713246543382e-05,0.28795604117470996,0.5960740526180632,0.5,0.001711354703852308
2025-10-01,0.16502105236917686,0.08478781978784955,0.22829741876769916,0.08155672228631428,0.3274968717184876,RELIANCE,yfinance,0.4730409993528466,0.05726411407112586,0.09688835693418874,0.03939208434477237,0.24681046569725285,0.37758250894058426,0.47895183219788257,0.3373821808819438,0.39049240815091396,0.48781182384704963,0.057213383940075246,0.24835914918431712,0.11257713642623063,0.24176005010118426,0.33046224677924174,0.5048354700627735,12434570.2,9748377.55,0.4033518896297559,0.3305384707523882,0.3119134733437925,0.5456111381003211,0.5,0.001554187597255563
2025-10-03,0.14562487801391288,0.04624796280080634,0.20056841102168566,0.05235085783860338,0.35363267065603854,RELIANCE,yfinance,0.37569186986892067,0.046060265665904154,0.06163140960813074,0.041204728882895836,0.24448771922955348,0.4081128332649388,0.34381720296704565,0.3196573288642717,0.3755930134416828,0.47814482755599114,0.05458420830943567,0.25558661499227675,0.10425527979673033,0.1813747052406472,0.29983114318962434,0.5369616587345258,12720811.0,9729336.05,0.4355657243144997,0.403541037919039,0.36069948158518544,0.48286888654543747,0.5,0.0014055302479358822
2025-10-06,0.12929171660855232,0.078181255994207,0.21060823423332575,0.11627387603130668,0.33900431404385833,RELIANCE,yfinance,0.5403852137550763,0.04282362874122647,0.03949329924745548,0.041204728882895836,0.24544067031394168,0.44581564924734474,0.4122841018004712,0.3251823773981136,0.36494210186393977,0.5082902870209423,0.05458420830943567,0.25558661499227675,0.10425527979673033,0.30150652625341023,0.3900187897780739,0.5204189421987371,13224305.2,10060286.3,0.40203132049772883,0.8848747136663233,0.40019305186966514,0.4449778917685256,0.5,0.0012649223459639813
2025-10-07,0.2109587697756936,0.18003659231710678,0.2914059628001766,0.17027818792736404,0.301182388845712,RELIANCE,yfinance,0.5220165149998194,0.05776209328151971,0.03553035721360409,0.04399005012660773,0.23328371936730596,0.5316147455164681,0.4440655477476459,0.34607698048288005,0.3612189740801542,0.5574469434272803,0.055496866102306086,0.2596664008646812,0.10206309696870308,0.39968664310838165,0.5164630713698088,0.5454845381609753,12626713.4,10273152.3,0.3493888411901451,0.4067202452354817,0.4434615199874782,0.4345111541891591,0.5,0.0011319284325455037
2025-10-08,0.255875898245689,0.1420471702992394,0.23690331501131023,0.07439332429696233,0.2119566232195065,RELIANCE,yfinance,0.26005368533565554,0.06199468862698687,0.020224991815636528,0.04009950521015959,0.27350849415874234,0.48117322179547123,0.29512526812286094,0.336715831608544,0.3560910621947119,0.5474791829624611,0.05760514315475973,0.24916841587477556,0.11236186207361099,0.22766847044408517,0.4363276289635561,0.485348728736222,11410792.8,10211683.75,0.2501328406688338,0.03885722466656792,0.48585902144396215,0.41346054601828514,0.6297852716275998,0.0010061365563562852
2025-10-09,0.2007503881298014,0.0924959256016118,0.25889544766748873,0.131703871625235,0.22185239879983468,RELIANCE,yfinance,0.5283803651509276,0.07332314580624555,0.016671997798040294,0.04045321564285054,0.17889462209213514,0.514722723511071,0.3694589341166794,0.34674376280145663,0.354291241966928,0.571093929462923,0.057599332789029845,0.24985917201553498,0.11182282986219805,0.33279156043739927,0.5192193134135276,0.5236055120513495,10766936.2,10263474.65,0.25975313109496556,0.8044688135692256,0.5198352288467574,0.4069115186791118,0.40882061366716016,0.0008871570349175961
2025-10-10,0.22014656248506537,0.13654147644394765,0.2875809903343809,0.15319473827598173,0.14133636747078157,RELIANCE,yfinance,0.4648573404233589,0.09610421305304229,0.023026400568838312,0.03974579477746509,0.1815596614528362,0.5694021775050505,0.43041328233899184,0.3617971903814723,0.356307797285796,0.5981733342255176,0.05729164866434289,0.24893063415151317,0.11221790949602006,0.3732956686792772,0.5898945560751111,0.5140748280772001,9473083.6,10093825.25,0.172366110874103,0.48175384815236416,0.559473782999561,0.4187231802162429,0.4761914639850147,0.0007746212037074152
2025-10-13,0.21555266613037993,0.07983256090173274,0.25268059692164435,0.11627387603130668,0.18162140723460243,RELIANCE,yfinance,0.362697307500567,0.09610421305304229,0.02124990356004197,0.03090357364648888,0.03384084011913768,0.46105103898761074,0.4811654130125113,0.36422593353670074,0.3584787042878173,0.5992685492149241,0.05107542493425221,0.2406873419182851,0.11208582349819013,0.31528611650152816,0.5317802031812553,0.4417874209295326,8513904.0,10103690.95,0.21857224517861398,0.7246247822005873,0.5632488580747963,0.4273773183378342,0.898463532333517,0.0006681803459529512
2025-10-14,0.23137553306747982,0.13654147644394765,0.2636763714453041,0.12123356552097597,0.2527501492232368,RELIANCE,yfinance,0.4359109224485445,0.08502482145993895,0.023368037816974052,0.02055816412952005,0.0305023812001336,0.40916965500162533,0.4921985214133961,0.36848766099259816,0.36119396343037036,0.60313104434064,0.040404641758660986,0.23586288122767662,0.10465151278391649,0.33495556810809823,0.5595870735044063,0.42870267916628424,8218730.8,10322264.8,0.2927464774275219,0.2704730504498695,0.5329027418789094,0.44468552320197136,0.6000120342287725,0.0005675045894255604
2025-10-15,0.24668810553631815,0.11451870102277972,0.27610665654585187,0.11241671347417093,0.2893260124003698,RELIANCE,yfinance,0.41173415020089743,0.09361446896299164,0.030405798491575098,0.0068527213765054995,0.0,0.5017855464137605,0.5227979752566845,0.3702711855131054,0.3637756850980309,0.6021835182679601,0.02160083364192822,0.23609268670363548,0.08477265489099356,0.3305397934440626,0.5950928127842389,0.39943338683202584,8690263.2,10432053.9,0.32977818859100017,0.06502243224824551,0.537984621429926,0.4748580163734982,0.6523037688429472,0.00047228188125769677
2025-10-16,0.20636487342100818,0.20536264963509598,0.2871030146783715,0.24467151222432637,0.3363577572012497,RELIANCE,yfinance,0.6595158823171567,0.11913434588599614,0.050630790307211626,0.0,0.10407228439361027,0.5811599115183395,0.7364345226397411,0.40967786216068247,0.37488921373594875,0.662721652285357,0.0,0.25351331754406203,0.048637156477092824,0.6203155333719217,0.6895053860811089,0.4602898571116114,9388123.0,10671879.65,0.37215004131969165,0.9346126958249105,0.5545368873168715,0.5185379944230133,0.6522797630480585,0.0003822170448510853
2025-10-17,0.33856354034935254,0.3308927383684592,0.40232316100194865,0.34661791959423827,0.5667149534432362,RELIANCE,yfinance,0.6032040302438736,0.16282947623589017,0.08711766508956842,0.0007958214892411775,0.11632821515900271,0.6661209804831765,0.7916545977201082,0.46960767134769066,0.39754049622476484,0.7445887281955772,0.0034302219574406934,0.2501827159221879,0.05481353992988974,0.8342107082977024,0.8071624133297646,0.5273959424076234,11980618.4,11172025.6,0.5925699510555471,0.7292770071266007,0.5789301573004095,0.5799353933991808,0.6998034733601475,0.00029703088386368037
2025-10-20,0.5376269824442597,0.6089302780606998,0.5658311043685487,0.6221487503237286,0.7434764201689238,RELIANCE,yfinance,0.8966695718468507,0.27710879075390693,0.1498422972102258,0.027057229041966835,0.433013519194278,1.0,0.9541191007462599,0.5936421587448106,0.4441410313836155,0.9145226088857201,0.13216560897952512,0.11822879727021629,0.29145602154207784,1.0,0.9922762160424028,0.7518970689539555,15404877.6,11735055.85,0.7362778256452305,0.8371186356413779,0.7122206689924363,0.6525597881584164,0.6216725829492132,0.0002164592401801002
2025-10-21,0.6805443254867578,0.6100311479990514,0.6934815357926745,0.6133312255942309,0.0,RELIANCE,yfinance,0.4126916982893475,0.3882757731974422,0.20477749998436146,0.06003870306678394,0.43580041184236207,0.9849790878317044,1.0,0.6866986882204791,0.5027881321187797,0.9999999999999999,0.23032024485329217,0.042624472430633276,0.45156264843033733,0.8440083274915176,0.9338861744086502,0.8146424424714203,13864476.6,11450465.8,0.0,0.3238567556381642,0.8548036186413797,0.7029640291015236,0.7499805741047207,0.0001402523762181751
2025-10-23,0.7162736612473815,0.6590319577275023,0.6198551928925466,0.5207532700787381,0.5460909550126357,RELIANCE,yfinance,0.2746740764662695,0.4805207613413742,0.26012273418228204,0.08594640018681865,0.48019905483687075,0.8963061985120105,0.888786211717393,0.7309208597169816,0.5598596478618248,0.9888203078502333,0.283978727712082,0.0164941466168127,0.5267672421198447,0.7036460731872041,0.9417856176842592,0.7516712110632897,15429346.0,11685085.2,0.5429652132926898,0.017289416618248107,0.9523756351241688,0.7634258629405276,0.44316148974725844,6.817376986267831e-05
2025-10-24,0.5886688906737234,0.5318505640866134,0.6026439840141835,0.5383869741723482,0.2505404081495495,RELIANCE,yfinance,0.45659327457012644,0.5468723501640262,0.3105483419625372,0.11627520787233969,0.4798725426498688,0.7687554091987556,0.9255887914278254,0.7673042296228063,0.6138708315052223,0.9671054711887781,0.33685808924146343,0.0,0.593282139953325,0.6801136657671661,0.9037329716323865,0.7924651465695534,14906327.0,11873989.1,0.24330844059948284,0.5405451662381181,0.9999999999999999,0.8096200250768874,0.49985272626476696,0.0
