Date,Open,High,Low,Close,Volume,Dividends,Stock Splits,Symbol
2025-09-02 00:00:00-04:00,229.25,230.85000610351562,226.97000122070312,229.72000122070312,44075600,0.0,0.0,AAPL
2025-09-03 00:00:00-04:00,237.2100067138672,238.85000610351562,234.36000061035156,238.47000122070312,66427800,0.0,0.0,AAPL
2025-09-04 00:00:00-04:00,238.4499969482422,239.89999389648438,236.74000549316406,239.77999877929688,47549400,0.0,0.0,AAPL
2025-09-05 00:00:00-04:00,240.0,241.32000732421875,238.49000549316406,239.69000244140625,54870400,0.0,0.0,AAPL
2025-09-08 00:00:00-04:00,239.3000030517578,240.14999389648438,236.33999633789062,237.8800048828125,48999500,0.0,0.0,AAPL
2025-09-09 00:00:00-04:00,237.0,238.77999877929688,233.36000061035156,234.35000610351562,66313900,0.0,0.0,AAPL
2025-09-10 00:00:00-04:00,232.19000244140625,232.4199981689453,225.9499969482422,226.7899932861328,83440800,0.0,0.0,AAPL
2025-09-11 00:00:00-04:00,226.8800048828125,230.4499969482422,226.64999389648438,230.02999877929688,50208600,0.0,0.0,AAPL
2025-09-12 00:00:00-04:00,229.22000122070312,234.50999450683594,229.02000427246094,234.07000732421875,55824200,0.0,0.0,AAPL
2025-09-15 00:00:00-04:00,237.0,238.19000244140625,235.02999877929688,236.6999969482422,42699500,0.0,0.0,AAPL
2025-09-16 00:00:00-04:00,237.17999267578125,241.22000122070312,236.32000732421875,238.14999389648438,63421100,0.0,0.0,AAPL
2025-09-17 00:00:00-04:00,238.97000122070312,240.10000610351562,237.72999572753906,238.99000549316406,46508000,0.0,0.0,AAPL
2025-09-18 00:00:00-04:00,239.97000122070312,241.1999969482422,236.64999389648438,237.8800048828125,44249600,0.0,0.0,AAPL
2025-09-19 00:00:00-04:00,241.22999572753906,246.3000030517578,240.2100067138672,245.5,163741300,0.0,0.0,AAPL
2025-09-22 00:00:00-04:00,248.3000030517578,256.6400146484375,248.1199951171875,256.0799865722656,105517400,0.0,0.0,AAPL
2025-09-23 00:00:00-04:00,255.8800048828125,257.3399963378906,253.5800018310547,254.42999267578125,60275200,0.0,0.0,AAPL
2025-09-24 00:00:00-04:00,255.22000122070312,255.74000549316406,251.0399932861328,252.30999755859375,42303700,0.0,0.0,AAPL
2025-09-25 00:00:00-04:00,253.2100067138672,257.1700134277344,251.7100067138672,256.8699951171875,55202100,0.0,0.0,AAPL
2025-09-26 00:00:00-04:00,254.10000610351562,257.6000061035156,253.77999877929688,255.4600067138672,46076300,0.0,0.0,AAPL
2025-09-29 00:00:00-04:00,254.55999755859375,255.0,253.00999450683594,254.42999267578125,40127700,0.0,0.0,AAPL
2025-09-30 00:00:00-04:00,254.86000061035156,255.9199981689453,253.11000061035156,254.6300048828125,37666900,0.0,0.0,AAPL
2025-10-01 00:00:00-04:00,255.0399932861328,258.7900085449219,254.92999267578125,255.4499969482422,48667300,0.0,0.0,AAPL
2025-10-02 00:00:00-04:00,256.5899963378906,258.17999267578125,254.14999389648438,257.7099914550781,25329592,0.0,0.0,AAPL
2025-09-02 00:00:00-04:00,500.4700012207031,506.0,496.80999755859375,505.1199951171875,18128000,0.0,0.0,MSFT
2025-09-03 00:00:00-04:00,503.7900085449219,507.7900085449219,502.32000732421875,505.3500061035156,16345100,0.0,0.0,MSFT
2025-09-04 00:00:00-04:00,504.29998779296875,508.1499938964844,503.1499938964844,507.9700012207031,15509500,0.0,0.0,MSFT
2025-09-05 00:00:00-04:00,509.07000732421875,511.9700012207031,492.3699951171875,495.0,31994800,0.0,0.0,MSFT
2025-09-08 00:00:00-04:00,498.1099853515625,501.20001220703125,495.0299987792969,498.20001220703125,16771000,0.0,0.0,MSFT
2025-09-09 00:00:00-04:00,501.42999267578125,502.25,497.70001220703125,498.4100036621094,14410500,0.0,0.0,MSFT
2025-09-10 00:00:00-04:00,502.9800109863281,503.2300109863281,496.7200012207031,500.3699951171875,21611800,0.0,0.0,MSFT
2025-09-11 00:00:00-04:00,502.25,503.1700134277344,497.8800048828125,501.010009765625,18881600,0.0,0.0,MSFT
2025-09-12 00:00:00-04:00,506.6499938964844,512.5499877929688,503.8500061035156,509.8999938964844,23624900,0.0,0.0,MSFT
2025-09-15 00:00:00-04:00,508.7900085449219,515.469970703125,507.0,515.3599853515625,17143800,0.0,0.0,MSFT
2025-09-16 00:00:00-04:00,516.8800048828125,517.22998046875,508.6000061035156,509.0400085449219,19711900,0.0,0.0,MSFT
2025-09-17 00:00:00-04:00,510.6199951171875,511.2900085449219,505.92999267578125,510.0199890136719,15816600,0.0,0.0,MSFT
2025-09-18 00:00:00-04:00,511.489990234375,513.0700073242188,507.6600036621094,508.45001220703125,18913700,0.0,0.0,MSFT
2025-09-19 00:00:00-04:00,510.55999755859375,519.2999877929688,510.30999755859375,517.9299926757812,52474100,0.0,0.0,MSFT
2025-09-22 00:00:00-04:00,515.5900268554688,517.739990234375,512.5399780273438,514.4500122070312,20009300,0.0,0.0,MSFT
2025-09-23 00:00:00-04:00,513.7999877929688,514.5900268554688,507.30999755859375,509.2300109863281,19799600,0.0,0.0,MSFT
2025-09-24 00:00:00-04:00,510.3800048828125,512.47998046875,506.9200134277344,510.1499938964844,13533700,0.0,0.0,MSFT
2025-09-25 00:00:00-04:00,508.29998779296875,510.010009765625,505.0400085449219,507.0299987792969,15786500,0.0,0.0,MSFT
2025-09-26 00:00:00-04:00,510.05999755859375,513.9400024414062,506.6199951171875,511.4599914550781,16213100,0.0,0.0,MSFT
2025-09-29 00:00:00-04:00,511.5,516.8499755859375,508.8800048828125,514.5999755859375,17617800,0.0,0.0,MSFT
2025-09-30 00:00:00-04:00,513.239990234375,518.1599731445312,509.6600036621094,517.9500122070312,19712400,0.0,0.0,MSFT
2025-10-01 00:00:00-04:00,514.7999877929688,520.510009765625,511.69000244140625,519.7100219726562,22615900,0.0,0.0,MSFT
2025-10-02 00:00:00-04:00,517.6400146484375,521.5999755859375,510.6791076660156,517.469970703125,13754690,0.0,0.0,MSFT
2025-09-02 00:00:00-04:00,208.25374472878948,211.4908397743193,206.01574085860813,211.16114807128906,47523000,0.0,0.0,GOOGL
2025-09-03 00:00:00-04:00,226.00786746880672,231.1033010071871,224.5891229524102,230.45388793945312,103336100,0.0,0.0,GOOGL
2025-09-04 00:00:00-04:00,229.4447813472723,232.16235200669,225.90795135774627,232.09242248535156,51684200,0.0,0.0,GOOGL
2025-09-05 00:00:00-04:00,231.9925075217388,235.54932393536487,231.69277254690593,234.79000854492188,46588900,0.0,0.0,GOOGL
2025-09-08 00:00:00-04:00,235.47000122070312,238.1300048828125,233.6699981689453,234.0399932861328,32474700,0.21,0.0,GOOGL
2025-09-09 00:00:00-04:00,234.1699981689453,240.47000122070312,233.22999572753906,239.6300048828125,38061000,0.0,0.0,GOOGL
2025-09-10 00:00:00-04:00,238.89999389648438,241.66000366210938,237.85000610351562,239.1699981689453,35141100,0.0,0.0,GOOGL
2025-09-11 00:00:00-04:00,239.8800048828125,242.25,236.25,240.3699951171875,30599300,0.0,0.0,GOOGL
2025-09-12 00:00:00-04:00,240.3699951171875,242.0800018310547,238.0,240.8000030517578,26771600,0.0,0.0,GOOGL
2025-09-15 00:00:00-04:00,244.66000366210938,252.41000366210938,244.66000366210938,251.61000061035156,58383800,0.0,0.0,GOOGL
2025-09-16 00:00:00-04:00,252.0800018310547,253.0399932861328,249.47000122070312,251.16000366210938,34109700,0.0,0.0,GOOGL
2025-09-17 00:00:00-04:00,251.22000122070312,251.60000610351562,246.27999877929688,249.52999877929688,34108000,0.0,0.0,GOOGL
2025-09-18 00:00:00-04:00,251.67999267578125,253.99000549316406,249.8000030517578,252.02999877929688,31239500,0.0,0.0,GOOGL
2025-09-19 00:00:00-04:00,253.25,256.0,251.80999755859375,254.72000122070312,55571400,0.0,0.0,GOOGL
2025-09-22 00:00:00-04:00,254.42999267578125,255.77999877929688,250.3000030517578,252.52999877929688,32290500,0.0,0.0,GOOGL
2025-09-23 00:00:00-04:00,253.0399932861328,254.36000061035156,250.47999572753906,251.66000366210938,26628000,0.0,0.0,GOOGL
2025-09-24 00:00:00-04:00,251.66000366210938,252.35000610351562,246.44000244140625,247.13999938964844,28201000,0.0,0.0,GOOGL
2025-09-25 00:00:00-04:00,244.39999389648438,246.49000549316406,240.74000549316406,245.7899932861328,31020400,0.0,0.0,GOOGL
2025-09-26 00:00:00-04:00,247.07000732421875,249.4199981689453,245.97000122070312,246.5399932861328,18503200,0.0,0.0,GOOGL
2025-09-29 00:00:00-04:00,247.85000610351562,251.14999389648438,242.77000427246094,244.0500030517578,32505800,0.0,0.0,GOOGL
2025-09-30 00:00:00-04:00,242.80999755859375,243.2899932861328,239.25,243.10000610351562,34724300,0.0,0.0,GOOGL
2025-10-01 00:00:00-04:00,240.75,246.3000030517578,238.61000061035156,244.89999389648438,31635500,0.0,0.0,GOOGL
2025-10-02 00:00:00-04:00,245.3350067138672,246.80999755859375,242.30499267578125,244.1750030517578,15946472,0.0,0.0,GOOGL
2025-09-02 00:00:00-04:00,223.52000427246094,226.1699981689453,221.8300018310547,225.33999633789062,38843900,0.0,0.0,AMZN
2025-09-03 00:00:00-04:00,225.2100067138672,227.1699981689453,224.36000061035156,225.99000549316406,29223100,0.0,0.0,AMZN
2025-09-04 00:00:00-04:00,231.19000244140625,235.77000427246094,230.77999877929688,235.67999267578125,59391800,0.0,0.0,AMZN
2025-09-05 00:00:00-04:00,235.19000244140625,236.0,231.92999267578125,232.3300018310547,36721800,0.0,0.0,AMZN
2025-09-08 00:00:00-04:00,234.94000244140625,237.60000610351562,233.75,235.83999633789062,33947100,0.0,0.0,AMZN
2025-09-09 00:00:00-04:00,236.36000061035156,238.85000610351562,235.0800018310547,238.24000549316406,27033800,0.0,0.0,AMZN
2025-09-10 00:00:00-04:00,237.52000427246094,237.67999267578125,229.10000610351562,230.3300018310547,60907700,0.0,0.0,AMZN
2025-09-11 00:00:00-04:00,231.49000549316406,231.52999877929688,229.33999633789062,229.9499969482422,37485600,0.0,0.0,AMZN
2025-09-12 00:00:00-04:00,230.35000610351562,230.7899932861328,226.2899932861328,228.14999389648438,38496200,0.0,0.0,AMZN
2025-09-15 00:00:00-04:00,230.6300048828125,233.72999572753906,230.32000732421875,231.42999267578125,33243300,0.0,0.0,AMZN
2025-09-16 00:00:00-04:00,232.94000244140625,235.89999389648438,232.22999572753906,234.0500030517578,38203900,0.0,0.0,AMZN
2025-09-17 00:00:00-04:00,233.77000427246094,234.3000030517578,228.7100067138672,231.6199951171875,42815200,0.0,0.0,AMZN
2025-09-18 00:00:00-04:00,232.5,233.47999572753906,228.7899932861328,231.22999572753906,37931700,0.0,0.0,AMZN
2025-09-19 00:00:00-04:00,232.3699951171875,234.16000366210938,229.6999969482422,231.47999572753906,97943200,0.0,0.0,AMZN
2025-09-22 00:00:00-04:00,230.55999755859375,230.57000732421875,227.50999450683594,227.6300048828125,45914500,0.0,0.0,AMZN
2025-09-23 00:00:00-04:00,227.8300018310547,227.86000061035156,220.07000732421875,220.7100067138672,70956200,0.0,0.0,AMZN
2025-09-24 00:00:00-04:00,224.14999389648438,224.55999755859375,219.4499969482422,220.2100067138672,49509000,0.0,0.0,AMZN
2025-09-25 00:00:00-04:00,220.05999755859375,220.6699981689453,216.47000122070312,218.14999389648438,52226300,0.0,0.0,AMZN
2025-09-26 00:00:00-04:00,219.0800018310547,221.0500030517578,218.02000427246094,219.77999877929688,41650100,0.0,0.0,AMZN
2025-09-29 00:00:00-04:00,220.0800018310547,222.60000610351562,219.3000030517578,222.1699981689453,44259200,0.0,0.0,AMZN
2025-09-30 00:00:00-04:00,222.02999877929688,222.24000549316406,217.88999938964844,219.57000732421875,48294000,0.0,0.0,AMZN
2025-10-01 00:00:00-04:00,217.36000061035156,222.14999389648438,216.61000061035156,220.6300048828125,43874700,0.0,0.0,AMZN
2025-10-02 00:00:00-04:00,220.9499969482422,222.80999755859375,218.94900512695312,222.02999877929688,27187281,0.0,0.0,AMZN
2025-09-02 00:00:00-04:00,328.2300109863281,333.3299865722656,325.6000061035156,329.3599853515625,58392000,0.0,0.0,TSLA
2025-09-03 00:00:00-04:00,335.20001220703125,343.3299865722656,328.510009765625,334.0899963378906,88733300,0.0,0.0,TSLA
2025-09-04 00:00:00-04:00,336.1499938964844,338.8900146484375,331.4800109863281,338.5299987792969,60711000,0.0,0.0,TSLA
2025-09-05 00:00:00-04:00,348.0,355.8699951171875,344.67999267578125,350.8399963378906,108989800,0.0,0.0,TSLA
2025-09-08 00:00:00-04:00,354.6400146484375,358.44000244140625,344.8399963378906,346.3999938964844,75208300,0.0,0.0,TSLA
2025-09-09 00:00:00-04:00,348.44000244140625,350.7699890136719,343.82000732421875,346.9700012207031,53816000,0.0,0.0,TSLA
2025-09-10 00:00:00-04:00,350.54998779296875,356.3299865722656,346.07000732421875,347.7900085449219,72121700,0.0,0.0,TSLA
2025-09-11 00:00:00-04:00,350.1700134277344,368.989990234375,347.6000061035156,368.80999755859375,103756000,0.0,0.0,TSLA
2025-09-12 00:00:00-04:00,370.94000244140625,396.69000244140625,370.239990234375,395.94000244140625,168156400,0.0,0.0,TSLA
2025-09-15 00:00:00-04:00,423.1300048828125,425.70001220703125,402.42999267578125,410.0400085449219,163823700,0.0,0.0,TSLA
2025-09-16 00:00:00-04:00,414.5,423.25,411.42999267578125,421.6199951171875,104285700,0.0,0.0,TSLA
2025-09-17 00:00:00-04:00,415.75,428.30999755859375,409.6700134277344,425.8599853515625,106133500,0.0,0.0,TSLA
2025-09-18 00:00:00-04:00,428.8699951171875,432.2200012207031,416.55999755859375,416.8500061035156,90454500,0.0,0.0,TSLA
2025-09-19 00:00:00-04:00,421.82000732421875,429.4700012207031,421.7200012207031,426.07000732421875,93131000,0.0,0.0,TSLA
2025-09-22 00:00:00-04:00,431.1099853515625,444.9800109863281,429.1300048828125,434.2099914550781,97108800,0.0,0.0,TSLA
2025-09-23 00:00:00-04:00,439.8800048828125,440.9700012207031,423.7200012207031,425.8500061035156,83422700,0.0,0.0,TSLA
2025-09-24 00:00:00-04:00,429.8299865722656,444.2099914550781,429.0299987792969,442.7900085449219,93133600,0.0,0.0,TSLA
2025-09-25 00:00:00-04:00,435.239990234375,435.3500061035156,419.0799865722656,423.3900146484375,96746400,0.0,0.0,TSLA
2025-09-26 00:00:00-04:00,428.29998779296875,440.4700012207031,421.0199890136719,440.3999938964844,101628200,0.0,0.0,TSLA
2025-09-29 00:00:00-04:00,444.3500061035156,450.9800109863281,439.5,443.2099914550781,79491500,0.0,0.0,TSLA
2025-09-30 00:00:00-04:00,441.5199890136719,445.0,433.1199951171875,444.7200012207031,74358000,0.0,0.0,TSLA
2025-10-01 00:00:00-04:00,443.79998779296875,462.2900085449219,440.75,459.4599914550781,97617000,0.0,0.0,TSLA
2025-10-02 00:00:00-04:00,470.5400085449219,470.75,439.6000061035156,441.9750061035156,104889460,0.0,0.0,TSLA
2025-09-02 00:00:00-04:00,169.99041567915194,172.37028638119727,167.2105736316213,170.77037048339844,231164900,0.0,0.0,NVDA
2025-09-03 00:00:00-04:00,171.0503597309562,172.40028977270214,168.8704898798795,170.61038208007812,164424900,0.0,0.0,NVDA
2025-09-04 00:00:00-04:00,170.56039467979372,171.85031526705663,169.40045639085815,171.65032958984375,141670100,0.0,0.0,NVDA
2025-09-05 00:00:00-04:00,168.02052717453523,169.02047080600087,164.06075893837155,167.01058959960938,224441400,0.0,0.0,NVDA
2025-09-08 00:00:00-04:00,167.5405549408978,170.95036631358883,167.34056927044318,168.30050659179688,163769100,0.0,0.0,NVDA
2025-09-09 00:00:00-04:00,169.08046220477644,170.97035502688004,166.7306038641957,170.7503662109375,157548400,0.0,0.0,NVDA
2025-09-10 00:00:00-04:00,176.63004377208136,179.2798883121013,175.46011154547278,177.32000732421875,226852000,0.0,0.0,NVDA
2025-09-11 00:00:00-04:00,179.67999267578125,180.27999877929688,176.47999572753906,177.1699981689453,151159300,0.01,0.0,NVDA
2025-09-12 00:00:00-04:00,177.77000427246094,178.60000610351562,176.4499969482422,177.82000732421875,124911000,0.0,0.0,NVDA
2025-09-15 00:00:00-04:00,175.6699981689453,178.85000610351562,174.50999450683594,177.75,147061600,0.0,0.0,NVDA
2025-09-16 00:00:00-04:00,177.0,177.5,174.3800048828125,174.8800048828125,140737800,0.0,0.0,NVDA
2025-09-17 00:00:00-04:00,172.63999938964844,173.1999969482422,168.41000366210938,170.2899932861328,211843800,0.0,0.0,NVDA
2025-09-18 00:00:00-04:00,173.97999572753906,177.10000610351562,172.9600067138672,176.24000549316406,191763300,0.0,0.0,NVDA
2025-09-19 00:00:00-04:00,175.77000427246094,178.0800018310547,175.17999267578125,176.6699981689453,237182100,0.0,0.0,NVDA
2025-09-22 00:00:00-04:00,175.3000030517578,184.5500030517578,174.7100067138672,183.61000061035156,269637000,0.0,0.0,NVDA
2025-09-23 00:00:00-04:00,181.97000122070312,182.4199981689453,176.2100067138672,178.42999267578125,192559600,0.0,0.0,NVDA
2025-09-24 00:00:00-04:00,179.77000427246094,179.77999877929688,175.39999389648438,176.97000122070312,143564100,0.0,0.0,NVDA
2025-09-25 00:00:00-04:00,174.47999572753906,180.25999450683594,173.1300048828125,177.69000244140625,191586700,0.0,0.0,NVDA
2025-09-26 00:00:00-04:00,178.1699981689453,179.77000427246094,174.92999267578125,178.19000244140625,148573700,0.0,0.0,NVDA
2025-09-29 00:00:00-04:00,180.42999267578125,184.0,180.32000732421875,181.85000610351562,193063500,0.0,0.0,NVDA
2025-09-30 00:00:00-04:00,182.0800018310547,187.35000610351562,181.47999572753906,186.5800018310547,236479800,0.0,0.0,NVDA
2025-10-01 00:00:00-04:00,185.24000549316406,188.13999938964844,183.89999389648438,187.24000549316406,173454700,0.0,0.0,NVDA
2025-10-02 00:00:00-04:00,189.6199951171875,191.0500030517578,188.26499938964844,188.9149932861328,104060508,0.0,0.0,NVDA
2025-09-02 00:00:00-04:00,725.5502463590637,735.5035500540433,721.2431559989143,734.6141357421875,9350900,0.0,0.0,META
2025-09-03 00:00:00-04:00,735.5035768564753,739.7507102826166,733.4949228182503,736.5528564453125,7699300,0.0,0.0,META
2025-09-04 00:00:00-04:00,748.0651174458885,760.6465916805791,745.3169722452417,748.1450805664062,11439100,0.0,0.0,META
2025-09-05 00:00:00-04:00,752.1123731440612,757.4387952805295,744.5275265518461,751.9425048828125,9663400,0.0,0.0,META
2025-09-08 00:00:00-04:00,755.4900579545978,765.992978439962,751.5127620882034,751.7925415039062,13087800,0.0,0.0,META
2025-09-09 00:00:00-04:00,756.9790485610613,765.7831036056251,752.9217895494754,765.1835327148438,10999000,0.0,0.0,META
2025-09-10 00:00:00-04:00,764.6139331888977,765.1835560495044,750.4934588375091,751.4727783203125,12478300,0.0,0.0,META
2025-09-11 00:00:00-04:00,754.1410253741255,756.5893240941964,747.8652318538085,750.3935546875,7923300,0.0,0.0,META
2025-09-12 00:00:00-04:00,748.2249639979328,757.0590282777322,743.2583455274284,755.0803833007812,8248600,0.0,0.0,META
2025-09-15 00:00:00-04:00,756.9590394303372,773.547878937133,751.4827553370264,764.1842041015625,10533800,0.0,0.0,META
2025-09-16 00:00:00-04:00,766.4826425887807,780.8329418323293,764.583899780601,778.4745483398438,11782500,0.0,0.0,META
2025-09-17 00:00:00-04:00,779.4639169106475,782.7616789884555,765.7931508650867,775.19677734375,9400900,0.0,0.0,META
2025-09-18 00:00:00-04:00,780.223417654285,788.2480310412486,772.8383872533639,779.7237548828125,10955000,0.0,0.0,META
2025-09-19 00:00:00-04:00,785.8895354575697,790.2665859871321,768.6711767678263,777.85498046875,23696800,0.0,0.0,META
2025-09-22 00:00:00-04:00,781.8499755859375,785.72998046875,764.469970703125,765.1599731445312,11706900,0.525,0.0,META
2025-09-23 00:00:00-04:00,769.25,770.5999755859375,751.0700073242188,755.4000244140625,10872600,0.0,0.0,META
2025-09-24 00:00:00-04:00,757.5,761.1099853515625,752.530029296875,760.6599731445312,8828200,0.0,0.0,META
2025-09-25 00:00:00-04:00,753.4500122070312,756.77001953125,744.5499877929688,748.9099731445312,10591100,0.0,0.0,META
2025-09-26 00:00:00-04:00,750.0,751.9299926757812,737.3499755859375,743.75,9696300,0.0,0.0,META
2025-09-29 00:00:00-04:00,748.719970703125,750.780029296875,739.1500244140625,743.4000244140625,9246800,0.0,0.0,META
2025-09-30 00:00:00-04:00,742.25,742.969970703125,726.2999877929688,734.3800048828125,16226800,0.0,0.0,META
2025-10-01 00:00:00-04:00,721.489990234375,721.8499755859375,710.2000122070312,717.3400268554688,20373300,0.0,0.0,META
2025-10-02 00:00:00-04:00,722.625,727.77001953125,718.1400146484375,726.0399780273438,7820749,0.0,0.0,META
2025-09-02 00:00:00-04:00,1197.0,1215.4000244140625,1182.800048828125,1214.1099853515625,2303300,0.0,0.0,NFLX
2025-09-03 00:00:00-04:00,1205.1400146484375,1227.0,1203.3800048828125,1226.1800537109375,2471500,0.0,0.0,NFLX
2025-09-04 00:00:00-04:00,1223.199951171875,1257.47998046875,1223.0899658203125,1257.47998046875,3023500,0.0,0.0,NFLX
2025-09-05 00:00:00-04:00,1260.0,1267.0999755859375,1239.02001953125,1243.8199462890625,2379700,0.0,0.0,NFLX
2025-09-08 00:00:00-04:00,1248.5400390625,1252.0400390625,1232.0,1244.760009765625,1915100,0.0,0.0,NFLX
2025-09-09 00:00:00-04:00,1246.6700439453125,1265.719970703125,1246.6700439453125,1263.25,2219700,0.0,0.0,NFLX
2025-09-10 00:00:00-04:00,1263.969970703125,1267.0,1246.3599853515625,1247.7099609375,2701000,0.0,0.0,NFLX
2025-09-11 00:00:00-04:00,1251.0,1253.449951171875,1192.0,1203.5,5682300,0.0,0.0,NFLX
2025-09-12 00:00:00-04:00,1203.06005859375,1211.780029296875,1182.4000244140625,1188.43994140625,3784900,0.0,0.0,NFLX
2025-09-15 00:00:00-04:00,1188.4000244140625,1207.239990234375,1173.2099609375,1202.260009765625,2909300,0.0,0.0,NFLX
2025-09-16 00:00:00-04:00,1205.6400146484375,1209.0,1197.280029296875,1200.510009765625,2404700,0.0,0.0,NFLX
2025-09-17 00:00:00-04:00,1221.02001953125,1233.9300537109375,1206.6099853515625,1228.5,3459800,0.0,0.0,NFLX
2025-09-18 00:00:00-04:00,1220.8199462890625,1233.0,1205.5,1207.780029296875,3169100,0.0,0.0,NFLX
2025-09-19 00:00:00-04:00,1218.6199951171875,1229.949951171875,1208.0999755859375,1226.969970703125,4947600,0.0,0.0,NFLX
2025-09-22 00:00:00-04:00,1221.9000244140625,1229.760009765625,1214.239990234375,1227.3699951171875,2546800,0.0,0.0,NFLX
2025-09-23 00:00:00-04:00,1227.3299560546875,1227.7900390625,1208.469970703125,1218.469970703125,2499100,0.0,0.0,NFLX
2025-09-24 00:00:00-04:00,1218.6099853515625,1221.5,1194.199951171875,1203.949951171875,2773100,0.0,0.0,NFLX
2025-09-25 00:00:00-04:00,1203.0899658203125,1216.8399658203125,1191.510009765625,1208.239990234375,1997800,0.0,0.0,NFLX
2025-09-26 00:00:00-04:00,1205.4200439453125,1214.0,1200.0,1210.6099853515625,1945000,0.0,0.0,NFLX
2025-09-29 00:00:00-04:00,1205.0,1224.489990234375,1187.5400390625,1206.4100341796875,3033200,0.0,0.0,NFLX
2025-09-30 00:00:00-04:00,1206.4100341796875,1208.5,1178.0,1198.9200439453125,3830300,0.0,0.0,NFLX
2025-10-01 00:00:00-04:00,1175.489990234375,1179.1400146484375,1163.2099609375,1170.9000244140625,4104800,0.0,0.0,NFLX
2025-10-02 00:00:00-04:00,1161.3800048828125,1162.35986328125,1134.0,1161.1600341796875,3738308,0.0,0.0,NFLX
2025-09-02 00:00:00-04:00,350.239990234375,352.7099914550781,341.2799987792969,345.6300048828125,4229400,0.0,0.0,ADBE
2025-09-03 00:00:00-04:00,345.7200012207031,348.510009765625,343.3599853515625,348.5,3035300,0.0,0.0,ADBE
2025-09-04 00:00:00-04:00,342.239990234375,344.4100036621094,331.5,344.30999755859375,4918300,0.0,0.0,ADBE
2025-09-05 00:00:00-04:00,345.80999755859375,354.6700134277344,345.1000061035156,348.9700012207031,4662600,0.0,0.0,ADBE
2025-09-08 00:00:00-04:00,348.8599853515625,358.82000732421875,343.5899963378906,358.6600036621094,5043300,0.0,0.0,ADBE
2025-09-09 00:00:00-04:00,362.75,362.75,353.0299987792969,354.05999755859375,4324900,0.0,0.0,ADBE
2025-09-10 00:00:00-04:00,356.2900085449219,359.19000244140625,348.1199951171875,350.1600036621094,4552500,0.0,0.0,ADBE
2025-09-11 00:00:00-04:00,354.69000244140625,355.25,347.1600036621094,350.54998779296875,11804200,0.0,0.0,ADBE
2025-09-12 00:00:00-04:00,361.1000061035156,366.5,341.6099853515625,349.3599853515625,14146600,0.0,0.0,ADBE
2025-09-15 00:00:00-04:00,350.5,358.0,345.04998779296875,347.1000061035156,6768600,0.0,0.0,ADBE
2025-09-16 00:00:00-04:00,350.1600036621094,356.94000244140625,348.32000732421875,352.7300109863281,6697000,0.0,0.0,ADBE
2025-09-17 00:00:00-04:00,353.17999267578125,365.0,353.17999267578125,362.07000732421875,6449900,0.0,0.0,ADBE
2025-09-18 00:00:00-04:00,366.8599853515625,370.8599853515625,365.8500061035156,367.4599914550781,4752400,0.0,0.0,ADBE
2025-09-19 00:00:00-04:00,368.94000244140625,370.30999755859375,362.5400085449219,365.8999938964844,7693000,0.0,0.0,ADBE
2025-09-22 00:00:00-04:00,364.1600036621094,365.3800048828125,359.3599853515625,364.0799865722656,4709600,0.0,0.0,ADBE
2025-09-23 00:00:00-04:00,364.17999267578125,368.7300109863281,361.29998779296875,361.7799987792969,3831100,0.0,0.0,ADBE
2025-09-24 00:00:00-04:00,355.6000061035156,355.6000061035156,347.79998779296875,353.2699890136719,6140000,0.0,0.0,ADBE
2025-09-25 00:00:00-04:00,351.9100036621094,357.0,351.5,354.1600036621094,3336700,0.0,0.0,ADBE
2025-09-26 00:00:00-04:00,353.7099914550781,360.7200012207031,352.7799987792969,360.3699951171875,3073000,0.0,0.0,ADBE
2025-09-29 00:00:00-04:00,362.0400085449219,363.1700134277344,358.79998779296875,359.4200134277344,4075900,0.0,0.0,ADBE
2025-09-30 00:00:00-04:00,360.5400085449219,362.0,349.8999938964844,352.75,5356400,0.0,0.0,ADBE
2025-10-01 00:00:00-04:00,347.1600036621094,349.8299865722656,340.04998779296875,343.7200012207031,6500200,0.0,0.0,ADBE
2025-10-02 00:00:00-04:00,343.760009765625,350.5,342.4200134277344,350.1600036621094,2675189,0.0,0.0,ADBE
2025-09-02 00:00:00-04:00,254.37705558124145,254.54675824362107,248.31759970607249,252.4204559326172,9312500,0.0,0.0,CRM
2025-09-03 00:00:00-04:00,254.61661311419977,257.5515047920152,250.11445857218692,256.00421142578125,17417900,0.0,0.0,CRM
2025-09-04 00:00:00-04:00,239.6427000400819,244.79373404149973,234.21215398267375,243.58583068847656,30967500,0.0,0.0,CRM
2025-09-05 00:00:00-04:00,244.40441215105494,250.69346386407673,243.93522793671386,250.3240966796875,13029400,0.0,0.0,CRM
2025-09-08 00:00:00-04:00,250.3640360241148,252.50031544102913,246.8701200934058,251.83148193359375,12602200,0.0,0.0,CRM
2025-09-09 00:00:00-04:00,250.88313752200096,254.89613858503566,250.77332812581258,251.62184143066406,10901900,0.0,0.0,CRM
2025-09-10 00:00:00-04:00,252.3106426606466,253.54849264237936,241.30979454943912,242.14834594726562,11363600,0.0,0.0,CRM
2025-09-11 00:00:00-04:00,243.27636599741192,246.74033521181664,243.07671670981154,245.8518829345703,6944900,0.0,0.0,CRM
2025-09-12 00:00:00-04:00,245.6722029896189,247.15960312872315,240.83062779899254,242.33799743652344,8386400,0.0,0.0,CRM
2025-09-15 00:00:00-04:00,242.8271612323328,244.2846300327789,240.4213468527663,242.0984344482422,7244600,0.0,0.0,CRM
2025-09-16 00:00:00-04:00,242.0984238469874,242.25813413725334,236.82760346160717,238.8939971923828,8779800,0.0,0.0,CRM
2025-09-17 00:00:00-04:00,239.97000122070312,243.0,239.3800048828125,242.2100067138672,10124000,0.416,0.0,CRM
2025-09-18 00:00:00-04:00,244.16000366210938,247.2899932861328,242.9499969482422,244.27999877929688,9344400,0.0,0.0,CRM
2025-09-19 00:00:00-04:00,246.02000427246094,247.1999969482422,243.35000610351562,247.08999633789062,11813900,0.0,0.0,CRM
2025-09-22 00:00:00-04:00,245.27999877929688,250.47999572753906,243.16000366210938,249.69000244140625,7523800,0.0,0.0,CRM
2025-09-23 00:00:00-04:00,249.74000549316406,251.36000061035156,244.1300048828125,244.55999755859375,7669800,0.0,0.0,CRM
2025-09-24 00:00:00-04:00,245.6699981689453,248.83999633789062,243.00999450683594,245.88999938964844,6707100,0.0,0.0,CRM
2025-09-25 00:00:00-04:00,244.5,244.66000366210938,239.49000549316406,240.9499969482422,8145500,0.0,0.0,CRM
2025-09-26 00:00:00-04:00,240.69000244140625,244.52999877929688,240.35000610351562,243.42999267578125,4974600,0.0,0.0,CRM
2025-09-29 00:00:00-04:00,244.72000122070312,245.82000732421875,242.8699951171875,245.10000610351562,6373500,0.0,0.0,CRM
2025-09-30 00:00:00-04:00,245.0500030517578,245.2100067138672,235.80999755859375,237.0,10801100,0.0,0.0,CRM
2025-10-01 00:00:00-04:00,236.49000549316406,242.47000122070312,233.50999450683594,235.69000244140625,10004900,0.0,0.0,CRM
2025-10-02 00:00:00-04:00,235.42999267578125,239.39999389648438,233.6199951171875,239.11500549316406,5275098,0.0,0.0,CRM
2025-09-02 00:00:00-04:00,6401.509765625,6416.5400390625,6360.580078125,6415.5400390625,4784000000,0.0,0.0,^GSPC
2025-09-03 00:00:00-04:00,6445.81982421875,6453.669921875,6416.169921875,6448.259765625,4465360000,0.0,0.0,^GSPC
2025-09-04 00:00:00-04:00,6456.60009765625,6502.5400390625,6445.97998046875,6502.080078125,4670770000,0.0,0.0,^GSPC
2025-09-05 00:00:00-04:00,6529.080078125,6532.64990234375,6443.97998046875,6481.5,5066120000,0.0,0.0,^GSPC
2025-09-08 00:00:00-04:00,6498.08984375,6508.669921875,6483.2900390625,6495.14990234375,5211500000,0.0,0.0,^GSPC
2025-09-09 00:00:00-04:00,6503.330078125,6518.22998046875,6483.080078125,6512.60986328125,4798350000,0.0,0.0,^GSPC
2025-09-10 00:00:00-04:00,6550.2900390625,6555.97021484375,6516.33984375,6532.0400390625,5253010000,0.0,0.0,^GSPC
2025-09-11 00:00:00-04:00,6554.41015625,6592.89013671875,6545.7998046875,6587.47021484375,5426460000,0.0,0.0,^GSPC
2025-09-12 00:00:00-04:00,6590.66015625,6600.2099609375,6579.490234375,6584.2900390625,4641640000,0.0,0.0,^GSPC
2025-09-15 00:00:00-04:00,6603.490234375,6619.6201171875,6602.06982421875,6615.27978515625,5045020000,0.0,0.0,^GSPC
2025-09-16 00:00:00-04:00,6624.1298828125,6626.990234375,6600.10986328125,6606.759765625,5359510000,0.0,0.0,^GSPC
2025-09-17 00:00:00-04:00,6604.8701171875,6624.39013671875,6551.14990234375,6600.35009765625,5805340000,0.0,0.0,^GSPC
2025-09-18 00:00:00-04:00,6626.85009765625,6656.7998046875,6611.89013671875,6631.9599609375,5292400000,0.0,0.0,^GSPC
2025-09-19 00:00:00-04:00,6647.10986328125,6671.81982421875,6630.31005859375,6664.35986328125,9125960000,0.0,0.0,^GSPC
2025-09-22 00:00:00-04:00,6654.27978515625,6698.8798828125,6648.06982421875,6693.75,5642620000,0.0,0.0,^GSPC
2025-09-23 00:00:00-04:00,6692.43994140625,6699.52001953125,6645.580078125,6656.919921875,5633620000,0.0,0.0,^GSPC
2025-09-24 00:00:00-04:00,6669.7900390625,6672.66015625,6621.759765625,6637.97021484375,5459180000,0.0,0.0,^GSPC
2025-09-25 00:00:00-04:00,6608.18994140625,6619.0,6569.22021484375,6604.72021484375,5874670000,0.0,0.0,^GSPC
2025-09-26 00:00:00-04:00,6615.3798828125,6648.97021484375,6604.43017578125,6643.7001953125,5103110000,0.0,0.0,^GSPC
2025-09-29 00:00:00-04:00,6661.580078125,6677.31005859375,6644.490234375,6661.2099609375,5358760000,0.0,0.0,^GSPC
2025-09-30 00:00:00-04:00,6656.18994140625,6691.25,6641.0,6688.4599609375,6057210000,0.0,0.0,^GSPC
2025-10-01 00:00:00-04:00,6664.919921875,6718.47998046875,6656.2001953125,6711.2001953125,6037950000,0.0,0.0,^GSPC
2025-10-02 00:00:00-04:00,6731.31005859375,6731.93994140625,6693.22998046875,6721.6201171875,1856090000,0.0,0.0,^GSPC
2025-09-02 00:00:00-04:00,45287.73046875,45295.80859375,44948.16015625,45295.80859375,533180000,0.0,0.0,^DJI
2025-09-03 00:00:00-04:00,45309.4296875,45309.4296875,44980.359375,45271.23046875,479210000,0.0,0.0,^DJI
2025-09-04 00:00:00-04:00,45204.87109375,45632.390625,45160.73828125,45621.2890625,457490000,0.0,0.0,^DJI
2025-09-05 00:00:00-04:00,45656.48828125,45770.19921875,45211.78125,45400.859375,558920000,0.0,0.0,^DJI
2025-09-08 00:00:00-04:00,45430.609375,45542.55859375,45277.73046875,45514.94921875,472240000,0.0,0.0,^DJI
2025-09-09 00:00:00-04:00,45547.62109375,45764.19921875,45433.51171875,45711.33984375,449650000,0.0,0.0,^DJI
2025-09-10 00:00:00-04:00,45731.5,45731.5,45380.05859375,45490.921875,579920000,0.0,0.0,^DJI
2025-09-11 00:00:00-04:00,45577.08984375,46137.19921875,45577.08984375,46108.0,448340000,0.0,0.0,^DJI
2025-09-12 00:00:00-04:00,46077.140625,46077.140625,45813.9296875,45834.21875,421730000,0.0,0.0,^DJI
2025-09-15 00:00:00-04:00,45848.390625,45978.4296875,45771.87890625,45883.44921875,401500000,0.0,0.0,^DJI
2025-09-16 00:00:00-04:00,45919.5390625,45967.109375,45667.421875,45757.8984375,443400000,0.0,0.0,^DJI
2025-09-17 00:00:00-04:00,45778.3984375,46261.94921875,45687.58984375,46018.3203125,509830000,0.0,0.0,^DJI
2025-09-18 00:00:00-04:00,46056.55078125,46317.51953125,45954.73046875,46142.421875,489090000,0.0,0.0,^DJI
2025-09-19 00:00:00-04:00,46211.16015625,46396.46875,46105.01953125,46315.26953125,972580000,0.0,0.0,^DJI
2025-09-22 00:00:00-04:00,46206.69140625,46447.12890625,46035.828125,46381.5390625,627450000,0.0,0.0,^DJI
2025-09-23 00:00:00-04:00,46364.109375,46714.26953125,46217.578125,46292.78125,541530000,0.0,0.0,^DJI
2025-09-24 00:00:00-04:00,46368.94140625,46453.0703125,46096.390625,46121.28125,421040000,0.0,0.0,^DJI
2025-09-25 00:00:00-04:00,46097.4296875,46122.421875,45785.171875,45947.3203125,509180000,0.0,0.0,^DJI
2025-09-26 00:00:00-04:00,46101.44921875,46353.03125,46051.921875,46247.2890625,434270000,0.0,0.0,^DJI
2025-09-29 00:00:00-04:00,46306.33984375,46387.05859375,46149.05078125,46316.0703125,479740000,0.0,0.0,^DJI
2025-09-30 00:00:00-04:00,46282.62890625,46425.30078125,46103.390625,46397.890625,584780000,0.0,0.0,^DJI
2025-10-01 00:00:00-04:00,46366.78125,46528.78125,46276.390625,46441.1015625,552790000,0.0,0.0,^DJI
2025-10-02 00:00:00-04:00,46461.1015625,46580.05078125,46283.5703125,46576.76953125,290203731,0.0,0.0,^DJI
2025-09-02 00:00:00-04:00,21086.5703125,21293.689453125,21033.05078125,21279.630859375,8183410000,0.0,0.0,^IXIC
2025-09-03 00:00:00-04:00,21461.630859375,21553.98046875,21370.98046875,21497.73046875,7488290000,0.0,0.0,^IXIC
2025-09-04 00:00:00-04:00,21539.91015625,21711.9609375,21469.400390625,21707.689453125,7282150000,0.0,0.0,^IXIC
2025-09-05 00:00:00-04:00,21860.439453125,21878.810546875,21534.720703125,21700.390625,8413730000,0.0,0.0,^IXIC
2025-09-08 00:00:00-04:00,21806.220703125,21885.619140625,21776.240234375,21798.69921875,8435850000,0.0,0.0,^IXIC
2025-09-09 00:00:00-04:00,21858.169921875,21891.419921875,21731.48046875,21879.490234375,7877410000,0.0,0.0,^IXIC
2025-09-10 00:00:00-04:00,21980.599609375,22000.970703125,21810.83984375,21886.060546875,9090550000,0.0,0.0,^IXIC
2025-09-11 00:00:00-04:00,21977.51953125,22059.7109375,21908.810546875,22043.0703125,10025020000,0.0,0.0,^IXIC
2025-09-12 00:00:00-04:00,22078.630859375,22182.33984375,22031.619140625,22141.099609375,9023140000,0.0,0.0,^IXIC
2025-09-15 00:00:00-04:00,22243.19921875,22352.25,22233.0,22348.75,8904030000,0.0,0.0,^IXIC
2025-09-16 00:00:00-04:00,22397.5,22397.5,22308.779296875,22333.9609375,8592240000,0.0,0.0,^IXIC
2025-09-17 00:00:00-04:00,22333.01953125,22339.5390625,22058.919921875,22261.330078125,9325980000,0.0,0.0,^IXIC
2025-09-18 00:00:00-04:00,22439.109375,22540.9296875,22358.48046875,22470.720703125,10478450000,0.0,0.0,^IXIC
2025-09-19 00:00:00-04:00,22554.310546875,22645.109375,22497.7109375,22631.48046875,14632360000,0.0,0.0,^IXIC
2025-09-22 00:00:00-04:00,22606.58984375,22801.900390625,22590.859375,22788.98046875,9736270000,0.0,0.0,^IXIC
2025-09-23 00:00:00-04:00,22782.720703125,22785.130859375,22539.0390625,22573.470703125,9822620000,0.0,0.0,^IXIC
2025-09-24 00:00:00-04:00,22656.01953125,22657.44921875,22397.0,22497.859375,9184030000,0.0,0.0,^IXIC
2025-09-25 00:00:00-04:00,22318.76953125,22456.779296875,22185.869140625,22384.69921875,9960330000,0.0,0.0,^IXIC
2025-09-26 00:00:00-04:00,22403.26953125,22488.1796875,22285.439453125,22484.0703125,8488400000,0.0,0.0,^IXIC
2025-09-29 00:00:00-04:00,22605.30078125,22704.900390625,22536.05078125,22591.150390625,9046720000,0.0,0.0,^IXIC
2025-09-30 00:00:00-04:00,22580.359375,22671.390625,22493.9609375,22660.009765625,8928070000,0.0,0.0,^IXIC
2025-10-01 00:00:00-04:00,22530.94921875,22782.580078125,22516.740234375,22755.16015625,10043980000,0.0,0.0,^IXIC
2025-10-02 00:00:00-04:00,22530.900390625,22900.6015625,22729.751953125,22850.48046875,6301669000,0.0,0.0,^IXIC
2025-09-02 00:00:00-05:00,16.649999618530273,19.3799991607666,16.549999237060547,17.170000076293945,0,0.0,0.0,^VIX
2025-09-03 00:00:00-05:00,17.399999618530273,17.56999969482422,16.34000015258789,16.350000381469727,0,0.0,0.0,^VIX
2025-09-04 00:00:00-05:00,16.219999313354492,16.350000381469727,15.279999732971191,15.300000190734863,0,0.0,0.0,^VIX
2025-09-05 00:00:00-05:00,15.229999542236328,16.920000076293945,14.739999771118164,15.180000305175781,0,0.0,0.0,^VIX
2025-09-08 00:00:00-05:00,15.579999923706055,15.649999618530273,14.989999771118164,15.109999656677246,0,0.0,0.0,^VIX
2025-09-09 00:00:00-05:00,15.020000457763672,15.819999694824219,14.970000267028809,15.039999961853027,0,0.0,0.0,^VIX
2025-09-10 00:00:00-05:00,14.979999542236328,15.630000114440918,14.630000114440918,15.350000381469727,0,0.0,0.0,^VIX
2025-09-11 00:00:00-05:00,15.1899995803833,15.239999771118164,14.649999618530273,14.710000038146973,0,0.0,0.0,^VIX
2025-09-12 00:00:00-05:00,14.619999885559082,14.970000267028809,14.40999984741211,14.760000228881836,0,0.0,0.0,^VIX
2025-09-15 00:00:00-05:00,15.140000343322754,15.84000015258789,14.920000076293945,15.6899995803833,0,0.0,0.0,^VIX
2025-09-16 00:00:00-05:00,15.600000381469727,16.3799991607666,15.4399995803833,16.360000610351562,0,0.0,0.0,^VIX
2025-09-17 00:00:00-05:00,16.420000076293945,16.75,15.260000228881836,15.720000267028809,0,0.0,0.0,^VIX
2025-09-18 00:00:00-05:00,14.930000305175781,15.800000190734863,14.329999923706055,15.699999809265137,0,0.0,0.0,^VIX
2025-09-19 00:00:00-05:00,15.760000228881836,16.1299991607666,15.289999961853027,15.449999809265137,0,0.0,0.0,^VIX
2025-09-22 00:00:00-05:00,16.139999389648438,16.350000381469727,15.779999732971191,16.100000381469727,0,0.0,0.0,^VIX
2025-09-23 00:00:00-05:00,16.100000381469727,17.06999969482422,15.949999809265137,16.639999389648438,0,0.0,0.0,^VIX
2025-09-24 00:00:00-05:00,16.56999969482422,17.209999084472656,16.18000030517578,16.18000030517578,0,0.0,0.0,^VIX
2025-09-25 00:00:00-05:00,16.549999237060547,17.739999771118164,16.31999969482422,16.739999771118164,0,0.0,0.0,^VIX
2025-09-26 00:00:00-05:00,16.889999389648438,17.049999237060547,15.289999961853027,15.289999961853027,0,0.0,0.0,^VIX
2025-09-29 00:00:00-05:00,15.84000015258789,16.290000915527344,15.739999771118164,16.1200008392334,0,0.0,0.0,^VIX
2025-09-30 00:00:00-05:00,16.489999771118164,16.700000762939453,16.020000457763672,16.280000686645508,0,0.0,0.0,^VIX
2025-10-01 00:00:00-05:00,17.280000686645508,17.280000686645508,15.979999542236328,16.290000915527344,0,0.0,0.0,^VIX
2025-10-02 00:00:00-05:00,16.1200008392334,16.920000076293945,15.930000305175781,16.510000228881836,0,0.0,0.0,^VIX
2025-09-02 00:00:00+09:00,42299.62890625,42473.671875,42084.78125,42310.48828125,99800000,0.0,0.0,^N225
2025-09-03 00:00:00+09:00,42085.66015625,42293.5390625,41863.19921875,41938.890625,130200000,0.0,0.0,^N225
2025-09-04 00:00:00+09:00,42093.69921875,42608.80078125,42066.58984375,42580.26953125,110300000,0.0,0.0,^N225
2025-09-05 00:00:00+09:00,42983.46875,43220.94140625,42783.5390625,43018.75,118300000,0.0,0.0,^N225
2025-09-08 00:00:00+09:00,43451.0703125,43838.6015625,43343.578125,43643.80859375,115500000,0.0,0.0,^N225
2025-09-09 00:00:00+09:00,43907.55078125,44185.73046875,43452.73828125,43459.2890625,117500000,0.0,0.0,^N225
2025-09-10 00:00:00+09:00,43513.16015625,43848.76953125,43509.01953125,43837.671875,115700000,0.0,0.0,^N225
2025-09-11 00:00:00+09:00,43876.21875,44396.94921875,43870.5390625,44372.5,107300000,0.0,0.0,^N225
2025-09-12 00:00:00+09:00,44803.30078125,44888.01953125,44548.5703125,44768.12109375,124900000,0.0,0.0,^N225
2025-09-16 00:00:00+09:00,44948.8515625,45055.37890625,44616.3203125,44902.26953125,111700000,0.0,0.0,^N225
2025-09-17 00:00:00+09:00,44751.83984375,45033.33984375,44612.0703125,44790.37890625,104600000,0.0,0.0,^N225
2025-09-18 00:00:00+09:00,44910.5,45508.671875,44815.3984375,45303.4296875,113700000,0.0,0.0,^N225
2025-09-19 00:00:00+09:00,45634.2890625,45852.75,44495.4609375,45045.80859375,208600000,0.0,0.0,^N225
2025-09-22 00:00:00+09:00,45193.76953125,45757.73828125,45193.76953125,45493.66015625,116600000,0.0,0.0,^N225
2025-09-24 00:00:00+09:00,45484.41015625,45693.28125,45205.46875,45630.30859375,131700000,0.0,0.0,^N225
2025-09-25 00:00:00+09:00,45600.0703125,45824.69140625,45503.30859375,45754.9296875,127200000,0.0,0.0,^N225
2025-09-26 00:00:00+09:00,45634.19921875,45766.76953125,45354.98828125,45354.98828125,147500000,0.0,0.0,^N225
2025-09-29 00:00:00+09:00,45113.2890625,45152.69921875,44890.19921875,45043.75,130500000,0.0,0.0,^N225
2025-09-30 00:00:00+09:00,45054.9609375,45126.23046875,44733.6015625,44932.62890625,160600000,0.0,0.0,^N225
2025-10-01 00:00:00+09:00,44831.94921875,44874.421875,44357.6484375,44550.8515625,136700000,0.0,0.0,^N225
2025-10-02 00:00:00+09:00,44736.03125,45125.9609375,44659.21875,44936.73046875,0,0.0,0.0,^N225
2025-09-02 00:00:00+08:00,25587.970703125,25724.73046875,25416.609375,25496.55078125,3811100000,0.0,0.0,^HSI
2025-09-03 00:00:00+08:00,25660.650390625,25789.990234375,25276.869140625,25343.4296875,3186200000,0.0,0.0,^HSI
2025-09-04 00:00:00+08:00,25489.130859375,25494.44921875,25013.259765625,25058.509765625,3630300000,0.0,0.0,^HSI
2025-09-05 00:00:00+08:00,25136.240234375,25471.80078125,25090.650390625,25417.98046875,3739400000,0.0,0.0,^HSI
2025-09-08 00:00:00+08:00,25440.009765625,25664.009765625,25387.810546875,25633.91015625,3655000000,0.0,0.0,^HSI
2025-09-09 00:00:00+08:00,25711.0703125,26027.939453125,25675.279296875,25938.130859375,3632700000,0.0,0.0,^HSI
2025-09-10 00:00:00+08:00,26042.41015625,26296.599609375,26017.5,26200.259765625,3793200000,0.0,0.0,^HSI
2025-09-11 00:00:00+08:00,25987.490234375,26241.4609375,25878.970703125,26086.3203125,3992500000,0.0,0.0,^HSI
2025-09-12 00:00:00+08:00,26539.439453125,26585.94921875,26329.66015625,26388.16015625,3332500000,0.0,0.0,^HSI
2025-09-15 00:00:00+08:00,26308.91015625,26532.75,26280.23046875,26446.560546875,2857700000,0.0,0.0,^HSI
2025-09-16 00:00:00+08:00,26536.630859375,26601.58984375,26332.2109375,26438.509765625,2882500000,0.0,0.0,^HSI
2025-09-17 00:00:00+08:00,26554.189453125,26936.5,26540.5703125,26908.390625,3700800000,0.0,0.0,^HSI
2025-09-18 00:00:00+08:00,26863.689453125,27058.029296875,26322.080078125,26544.849609375,4114200000,0.0,0.0,^HSI
2025-09-19 00:00:00+08:00,26583.029296875,26637.640625,26414.109375,26545.099609375,4165900000,0.0,0.0,^HSI
2025-09-22 00:00:00+08:00,26459.51953125,26479.140625,26204.009765625,26344.140625,3298400000,0.0,0.0,^HSI
2025-09-23 00:00:00+08:00,26435.580078125,26454.08984375,26003.669921875,26159.119140625,3124500000,0.0,0.0,^HSI
2025-09-24 00:00:00+08:00,26073.689453125,26562.880859375,26057.259765625,26518.650390625,3023200000,0.0,0.0,^HSI
2025-09-25 00:00:00+08:00,26536.130859375,26640.529296875,26403.51953125,26484.6796875,3687000000,0.0,0.0,^HSI
2025-09-26 00:00:00+08:00,26272.30078125,26406.05078125,26072.9296875,26128.19921875,3440600000,0.0,0.0,^HSI
2025-09-29 00:00:00+08:00,26321.5703125,26687.720703125,26321.5703125,26622.880859375,3502800000,0.0,0.0,^HSI
2025-09-30 00:00:00+08:00,26674.16015625,26888.400390625,26558.279296875,26855.560546875,3501900000,0.0,0.0,^HSI
2025-10-02 00:00:00+08:00,26918.30078125,27381.83984375,26918.30078125,27287.119140625,0,0.0,0.0,^HSI
2025-09-02 00:00:00+01:00,9196.2998046875,9196.5,9108.2001953125,9116.7001953125,704169000,0.0,0.0,^FTSE
2025-09-03 00:00:00+01:00,9116.7001953125,9179.599609375,9107.400390625,9178.0,705659700,0.0,0.0,^FTSE
2025-09-04 00:00:00+01:00,9178.0,9231.400390625,9155.5,9216.900390625,487597700,0.0,0.0,^FTSE
2025-09-05 00:00:00+01:00,9216.900390625,9253.5,9197.599609375,9208.2001953125,524336500,0.0,0.0,^FTSE
2025-09-08 00:00:00+01:00,9208.2001953125,9234.900390625,9190.599609375,9221.400390625,478762300,0.0,0.0,^FTSE
2025-09-09 00:00:00+01:00,9221.400390625,9254.2998046875,9221.400390625,9242.5,679753900,0.0,0.0,^FTSE
2025-09-10 00:00:00+01:00,9242.5,9290.599609375,9222.400390625,9225.400390625,1101672800,0.0,0.0,^FTSE
2025-09-11 00:00:00+01:00,9225.400390625,9297.599609375,9225.400390625,9297.599609375,628343100,0.0,0.0,^FTSE
2025-09-12 00:00:00+01:00,9297.599609375,9340.7001953125,9283.2998046875,9283.2998046875,640038400,0.0,0.0,^FTSE
2025-09-15 00:00:00+01:00,9283.2998046875,9314.400390625,9262.7001953125,9277.0,896734100,0.0,0.0,^FTSE
2025-09-16 00:00:00+01:00,9277.0,9282.099609375,9195.7001953125,9195.7001953125,1160022600,0.0,0.0,^FTSE
2025-09-17 00:00:00+01:00,9195.7001953125,9245.7001953125,9195.7001953125,9208.400390625,550017700,0.0,0.0,^FTSE
2025-09-18 00:00:00+01:00,9208.400390625,9245.2001953125,9208.2998046875,9228.099609375,641326900,0.0,0.0,^FTSE
2025-09-19 00:00:00+01:00,9228.099609375,9251.0,9207.7001953125,9216.7001953125,1741545500,0.0,0.0,^FTSE
2025-09-22 00:00:00+01:00,9216.7001953125,9234.599609375,9194.2998046875,9226.7001953125,608280800,0.0,0.0,^FTSE
2025-09-23 00:00:00+01:00,9226.7001953125,9266.900390625,9223.2998046875,9223.2998046875,690489000,0.0,0.0,^FTSE
2025-09-24 00:00:00+01:00,9223.2998046875,9266.400390625,9177.099609375,9250.400390625,631425700,0.0,0.0,^FTSE
2025-09-25 00:00:00+01:00,9250.400390625,9251.2001953125,9203.2001953125,9214.0,652023200,0.0,0.0,^FTSE
2025-09-26 00:00:00+01:00,9214.0,9292.099609375,9208.5,9284.7998046875,687681900,0.0,0.0,^FTSE
2025-09-29 00:00:00+01:00,9284.7998046875,9354.599609375,9284.7998046875,9299.7998046875,546230500,0.0,0.0,^FTSE
2025-09-30 00:00:00+01:00,9299.7998046875,9363.599609375,9266.2998046875,9350.400390625,770556700,0.0,0.0,^FTSE
2025-10-01 00:00:00+01:00,9350.5,9457.900390625,9347.599609375,9446.400390625,853312200,0.0,0.0,^FTSE
2025-10-02 00:00:00+01:00,9446.4404296875,9475.0703125,9417.6201171875,9427.73046875,0,0.0,0.0,^FTSE
2025-09-02 00:00:00+02:00,23975.33984375,23990.810546875,23482.669921875,23487.330078125,54299900,0.0,0.0,^GDAXI
2025-09-03 00:00:00+02:00,23606.689453125,23705.94921875,23507.109375,23594.80078125,53264000,0.0,0.0,^GDAXI
2025-09-04 00:00:00+02:00,23664.7890625,23800.119140625,23610.44921875,23770.330078125,46931400,0.0,0.0,^GDAXI
2025-09-05 00:00:00+02:00,23851.939453125,23854.6796875,23546.69921875,23596.98046875,46854600,0.0,0.0,^GDAXI
2025-09-08 00:00:00+02:00,23771.859375,23830.119140625,23655.470703125,23807.130859375,48616500,0.0,0.0,^GDAXI
2025-09-09 00:00:00+02:00,23802.609375,23859.560546875,23633.94921875,23718.44921875,44540300,0.0,0.0,^GDAXI
2025-09-10 00:00:00+02:00,23837.169921875,23883.580078125,23600.470703125,23632.94921875,49060600,0.0,0.0,^GDAXI
2025-09-11 00:00:00+02:00,23654.9296875,23787.1796875,23563.369140625,23703.650390625,47690900,0.0,0.0,^GDAXI
2025-09-12 00:00:00+02:00,23767.33984375,23793.060546875,23604.359375,23698.150390625,43830600,0.0,0.0,^GDAXI
2025-09-15 00:00:00+02:00,23785.259765625,23855.349609375,23664.109375,23748.859375,40171100,0.0,0.0,^GDAXI
2025-09-16 00:00:00+02:00,23711.990234375,23717.669921875,23317.30078125,23329.240234375,51217300,0.0,0.0,^GDAXI
2025-09-17 00:00:00+02:00,23407.390625,23476.7109375,23284.669921875,23359.1796875,50053900,0.0,0.0,^GDAXI
2025-09-18 00:00:00+02:00,23577.060546875,23690.470703125,23557.810546875,23674.529296875,54290600,0.0,0.0,^GDAXI
2025-09-19 00:00:00+02:00,23723.33984375,23785.240234375,23599.259765625,23639.41015625,213887300,0.0,0.0,^GDAXI
2025-09-22 00:00:00+02:00,23567.490234375,23589.25,23424.439453125,23527.05078125,53681300,0.0,0.0,^GDAXI
2025-09-23 00:00:00+02:00,23604.359375,23723.19921875,23564.970703125,23611.330078125,48153500,0.0,0.0,^GDAXI
2025-09-24 00:00:00+02:00,23601.5,23736.599609375,23499.98046875,23666.810546875,54163200,0.0,0.0,^GDAXI
2025-09-25 00:00:00+02:00,23620.400390625,23629.369140625,23383.83984375,23534.830078125,55308500,0.0,0.0,^GDAXI
2025-09-26 00:00:00+02:00,23601.189453125,23756.0390625,23579.25,23739.470703125,45110800,0.0,0.0,^GDAXI
2025-09-29 00:00:00+02:00,23835.609375,23835.609375,23666.810546875,23745.060546875,39242000,0.0,0.0,^GDAXI
2025-09-30 00:00:00+02:00,23726.4296875,23887.73046875,23676.359375,23880.720703125,47602500,0.0,0.0,^GDAXI
2025-10-01 00:00:00+02:00,23755.23046875,24162.23046875,23753.080078125,24113.619140625,53499000,0.0,0.0,^GDAXI
2025-10-02 00:00:00+02:00,24293.830078125,24502.330078125,24247.44921875,24422.560546875,0,0.0,0.0,^GDAXI
2025-09-02 00:00:00+00:00,109243.0703125,111748.015625,108454.03125,111200.5859375,74776999491,0.0,0.0,BTC-USD
2025-09-03 00:00:00+00:00,111190.6953125,112600.2265625,110582.9609375,111723.2109375,61119643565,0.0,0.0,BTC-USD
2025-09-04 00:00:00+00:00,111718.1484375,112208.328125,109347.2265625,110723.6015625,60131132901,0.0,0.0,BTC-USD
2025-09-05 00:00:00+00:00,110723.015625,113357.4921875,110233.3984375,110650.984375,60241647677,0.0,0.0,BTC-USD
2025-09-06 00:00:00+00:00,110650.5703125,111275.015625,110024.0859375,110224.6953125,21500719036,0.0,0.0,BTC-USD
2025-09-07 00:00:00+00:00,110221.328125,111591.078125,110211.625,111167.6171875,24618007520,0.0,0.0,BTC-USD
2025-09-08 00:00:00+00:00,111163.015625,112869.234375,110630.609375,112071.4296875,40212813407,0.0,0.0,BTC-USD
2025-09-09 00:00:00+00:00,112077.578125,113225.4375,110776.703125,111530.546875,45984480722,0.0,0.0,BTC-USD
2025-09-10 00:00:00+00:00,111531.25,114275.25,110940.078125,113955.359375,56377473784,0.0,0.0,BTC-USD
2025-09-11 00:00:00+00:00,113961.4296875,115522.546875,113453.8359375,115507.5390625,45685065332,0.0,0.0,BTC-USD
2025-09-12 00:00:00+00:00,115507.7890625,116769.3828125,114794.484375,116101.578125,54785725894,0.0,0.0,BTC-USD
2025-09-13 00:00:00+00:00,116093.5625,116334.6328125,115248.2734375,115950.5078125,34549454947,0.0,0.0,BTC-USD
2025-09-14 00:00:00+00:00,115950.2890625,116181.5,115222.3984375,115407.65625,32798036057,0.0,0.0,BTC-USD
2025-09-15 00:00:00+00:00,115399.6328125,116747.8828125,114461.0625,115444.875,52937859416,0.0,0.0,BTC-USD
2025-09-16 00:00:00+00:00,115423.7578125,117005.2734375,114813.09375,116843.1875,45781744593,0.0,0.0,BTC-USD
2025-09-17 00:00:00+00:00,116840.5078125,117328.609375,114794.9765625,116468.5078125,60528025996,0.0,0.0,BTC-USD
2025-09-18 00:00:00+00:00,116461.265625,117911.7890625,116188.796875,117137.203125,49457272032,0.0,0.0,BTC-USD
2025-09-19 00:00:00+00:00,117137.671875,117479.7578125,115141.8203125,115688.859375,38828473971,0.0,0.0,BTC-USD
2025-09-20 00:00:00+00:00,115691.125,116191.1484375,115473.5234375,115721.9609375,22864449614,0.0,0.0,BTC-USD
2025-09-21 00:00:00+00:00,115730.2265625,115901.0859375,115252.578125,115306.09375,22495852193,0.0,0.0,BTC-USD
2025-09-22 00:00:00+00:00,115309.21875,115431.3125,112037.6484375,112748.5078125,70684158591,0.0,0.0,BTC-USD
2025-09-23 00:00:00+00:00,112757.4765625,113351.9140625,111535.5703125,112014.5,47211853279,0.0,0.0,BTC-USD
2025-09-24 00:00:00+00:00,112007.6640625,113986.2734375,111229.640625,113328.6328125,48044595085,0.0,0.0,BTC-USD
2025-09-25 00:00:00+00:00,113330.1640625,113541.0859375,108713.3984375,109049.2890625,75528654284,0.0,0.0,BTC-USD
2025-09-26 00:00:00+00:00,109041.296875,110359.1953125,108728.9765625,109712.828125,57738288949,0.0,0.0,BTC-USD
2025-09-27 00:00:00+00:00,109707.140625,109778.5,109144.296875,109681.9453125,26308042910,0.0,0.0,BTC-USD
2025-09-28 00:00:00+00:00,109681.9453125,112375.484375,109236.9453125,112122.640625,33371048505,0.0,0.0,BTC-USD
2025-09-29 00:00:00+00:00,112117.875,114473.5703125,111589.953125,114400.3828125,60000147466,0.0,0.0,BTC-USD
2025-09-30 00:00:00+00:00,114396.5234375,114836.6171875,112740.5625,114056.0859375,58986330258,0.0,0.0,BTC-USD
2025-10-01 00:00:00+00:00,114057.59375,118648.9296875,113981.3984375,118648.9296875,71328680132,0.0,0.0,BTC-USD
2025-10-02 00:00:00+00:00,118625.8046875,120226.4140625,118416.2890625,120176.703125,68021555200,0.0,0.0,BTC-USD
2025-09-02 00:00:00+00:00,4314.39111328125,4414.93408203125,4260.45947265625,4325.36572265625,39884692334,0.0,0.0,ETH-USD
2025-09-03 00:00:00+00:00,4324.6962890625,4489.19873046875,4286.2060546875,4450.38916015625,35260873497,0.0,0.0,ETH-USD
2025-09-04 00:00:00+00:00,4450.2158203125,4483.451171875,4268.5888671875,4298.744140625,34919798552,0.0,0.0,ETH-USD
2025-09-05 00:00:00+00:00,4298.8369140625,4484.361328125,4258.0498046875,4306.98876953125,44163736676,0.0,0.0,ETH-USD
2025-09-06 00:00:00+00:00,4306.97314453125,4327.43994140625,4244.7548828125,4274.2421875,18108246446,0.0,0.0,ETH-USD
2025-09-07 00:00:00+00:00,4274.1669921875,4334.2744140625,4271.5341796875,4305.34765625,17426783536,0.0,0.0,ETH-USD
2025-09-08 00:00:00+00:00,4305.38134765625,4381.27490234375,4279.97216796875,4308.072265625,32277142378,0.0,0.0,ETH-USD
2025-09-09 00:00:00+00:00,4308.283203125,4381.2265625,4277.85302734375,4309.04150390625,30703320925,0.0,0.0,ETH-USD
2025-09-10 00:00:00+00:00,4309.091796875,4450.41796875,4286.0625,4349.14599609375,39521365146,0.0,0.0,ETH-USD
2025-09-11 00:00:00+00:00,4349.2001953125,4471.69873046875,4339.716796875,4461.2333984375,35959212991,0.0,0.0,ETH-USD
2025-09-12 00:00:00+00:00,4461.4794921875,4734.27392578125,4453.28466796875,4715.24609375,43839753626,0.0,0.0,ETH-USD
2025-09-13 00:00:00+00:00,4714.70361328125,4763.361328125,4609.12548828125,4668.1796875,34843845977,0.0,0.0,ETH-USD
2025-09-14 00:00:00+00:00,4668.17138671875,4690.64208984375,4581.84716796875,4609.59765625,28394160275,0.0,0.0,ETH-USD
2025-09-15 00:00:00+00:00,4609.72314453125,4670.5302734375,4469.861328125,4526.8203125,40224062009,0.0,0.0,ETH-USD
2025-09-16 00:00:00+00:00,4526.078125,4537.599609375,4428.330078125,4503.564453125,32761501436,0.0,0.0,ETH-USD
2025-09-17 00:00:00+00:00,4503.6357421875,4617.23486328125,4429.64453125,4592.7333984375,44120899417,0.0,0.0,ETH-USD
2025-09-18 00:00:00+00:00,4592.44287109375,4643.97265625,4556.27001953125,4589.9189453125,33497259158,0.0,0.0,ETH-USD
2025-09-19 00:00:00+00:00,4589.505859375,4620.79296875,4443.2646484375,4470.9169921875,30352619653,0.0,0.0,ETH-USD
2025-09-20 00:00:00+00:00,4470.978515625,4509.81201171875,4459.1591796875,4482.265625,18056494322,0.0,0.0,ETH-USD
2025-09-21 00:00:00+00:00,4482.583984375,4499.38916015625,4447.119140625,4451.3291015625,19330306133,0.0,0.0,ETH-USD
2025-09-22 00:00:00+00:00,4451.58056640625,4457.08251953125,4092.396728515625,4202.87744140625,58221334533,0.0,0.0,ETH-USD
2025-09-23 00:00:00+00:00,4203.021484375,4227.7314453125,4120.8154296875,4165.50390625,32460075911,0.0,0.0,ETH-USD
2025-09-24 00:00:00+00:00,4165.41259765625,4206.90185546875,4081.34765625,4153.46923828125,33538388785,0.0,0.0,ETH-USD
2025-09-25 00:00:00+00:00,4153.52099609375,4162.0625,3829.0107421875,3868.333984375,68963092031,0.0,0.0,ETH-USD
2025-09-26 00:00:00+00:00,3868.69091796875,4069.168701171875,3868.43359375,4035.887939453125,47873508328,0.0,0.0,ETH-USD
2025-09-27 00:00:00+00:00,4035.91455078125,4038.45166015625,3975.758056640625,4018.658203125,20382555776,0.0,0.0,ETH-USD
2025-09-28 00:00:00+00:00,4018.65966796875,4143.00390625,3969.79296875,4141.4765625,24631307054,0.0,0.0,ETH-USD
2025-09-29 00:00:00+00:00,4141.3564453125,4234.78271484375,4087.92724609375,4217.341796875,38560429932,0.0,0.0,ETH-USD
2025-09-30 00:00:00+00:00,4217.05517578125,4238.67138671875,4095.443603515625,4145.95751953125,37679153330,0.0,0.0,ETH-USD
2025-10-01 00:00:00+00:00,4146.03369140625,4351.1123046875,4125.5419921875,4351.1123046875,46161664723,0.0,0.0,ETH-USD
2025-10-02 00:00:00+00:00,4349.72607421875,4481.3427734375,4337.88671875,4481.3427734375,47611490304,0.0,0.0,ETH-USD
2025-09-02 00:00:00-04:00,3485.699951171875,3559.199951171875,3485.699951171875,3549.39990234375,658,0.0,0.0,GC=F
2025-09-03 00:00:00-04:00,3554.800048828125,3593.699951171875,3553.199951171875,3593.199951171875,72,0.0,0.0,GC=F
2025-09-04 00:00:00-04:00,3549.89990234375,3573.60009765625,3549.89990234375,3565.800048828125,237,0.0,0.0,GC=F
2025-09-05 00:00:00-04:00,3567.800048828125,3613.199951171875,3567.800048828125,3613.199951171875,925,0.0,0.0,GC=F
2025-09-08 00:00:00-04:00,3594.5,3641.0,3590.0,3638.10009765625,97,0.0,0.0,GC=F
2025-09-09 00:00:00-04:00,3647.10009765625,3670.39990234375,3627.800048828125,3643.300048828125,535,0.0,0.0,GC=F
2025-09-10 00:00:00-04:00,3625.0,3655.39990234375,3620.800048828125,3643.60009765625,136,0.0,0.0,GC=F
2025-09-11 00:00:00-04:00,3632.89990234375,3636.89990234375,3618.39990234375,3636.89990234375,307,0.0,0.0,GC=F
2025-09-12 00:00:00-04:00,3655.5,3656.800048828125,3643.0,3649.39990234375,1300,0.0,0.0,GC=F
2025-09-15 00:00:00-04:00,3640.0,3686.39990234375,3635.10009765625,3682.199951171875,210,0.0,0.0,GC=F
2025-09-16 00:00:00-04:00,3681.39990234375,3698.60009765625,3681.39990234375,3688.89990234375,373,0.0,0.0,GC=F
2025-09-17 00:00:00-04:00,3669.0,3685.199951171875,3661.60009765625,3681.800048828125,183,0.0,0.0,GC=F
2025-09-18 00:00:00-04:00,3654.60009765625,3667.39990234375,3637.0,3643.699951171875,80,0.0,0.0,GC=F
2025-09-19 00:00:00-04:00,3659.0,3685.89990234375,3658.199951171875,3671.5,211,0.0,0.0,GC=F
2025-09-22 00:00:00-04:00,3688.199951171875,3748.199951171875,3688.0,3740.699951171875,410,0.0,0.0,GC=F
2025-09-23 00:00:00-04:00,3747.0,3786.0,3740.0,3780.60009765625,627,0.0,0.0,GC=F
2025-09-24 00:00:00-04:00,3769.800048828125,3772.5,3732.10009765625,3732.10009765625,588,0.0,0.0,GC=F
2025-09-25 00:00:00-04:00,3742.800048828125,3756.0,3724.699951171875,3736.89990234375,1899,0.0,0.0,GC=F
2025-09-26 00:00:00-04:00,3775.300048828125,3775.300048828125,3775.300048828125,3775.300048828125,19308,0.0,0.0,GC=F
2025-09-29 00:00:00-04:00,3754.800048828125,3827.60009765625,3754.800048828125,3820.89990234375,8860,0.0,0.0,GC=F
2025-09-30 00:00:00-04:00,3827.5,3865.5,3793.39990234375,3840.800048828125,1611,0.0,0.0,GC=F
2025-10-01 00:00:00-04:00,3863.5,3891.89990234375,3853.300048828125,3867.5,1611,0.0,0.0,GC=F
2025-10-02 00:00:00-04:00,3892.699951171875,3923.300048828125,3842.800048828125,3870.5,256565,0.0,0.0,GC=F
2025-09-02 00:00:00-04:00,63.95000076293945,66.02999877929688,63.65999984741211,65.58999633789062,320218,0.0,0.0,CL=F
2025-09-03 00:00:00-04:00,65.62000274658203,65.72000122070312,63.720001220703125,63.970001220703125,298737,0.0,0.0,CL=F
2025-09-04 00:00:00-04:00,63.81999969482422,63.84000015258789,62.720001220703125,63.47999954223633,251689,0.0,0.0,CL=F
2025-09-05 00:00:00-04:00,63.33000183105469,63.4900016784668,61.45000076293945,61.869998931884766,294540,0.0,0.0,CL=F
2025-09-08 00:00:00-04:00,62.0,63.34000015258789,61.849998474121094,62.2599983215332,237288,0.0,0.0,CL=F
2025-09-09 00:00:00-04:00,62.43000030517578,63.66999816894531,62.369998931884766,62.630001068115234,268529,0.0,0.0,CL=F
2025-09-10 00:00:00-04:00,62.7400016784668,64.08000183105469,62.720001220703125,63.66999816894531,260684,0.0,0.0,CL=F
2025-09-11 00:00:00-04:00,63.79999923706055,63.79999923706055,62.209999084472656,62.369998931884766,222661,0.0,0.0,CL=F
2025-09-12 00:00:00-04:00,62.27000045776367,63.97999954223633,61.689998626708984,62.689998626708984,313265,0.0,0.0,CL=F
2025-09-15 00:00:00-04:00,62.970001220703125,63.66999816894531,62.52000045776367,63.29999923706055,205560,0.0,0.0,CL=F
2025-09-16 00:00:00-04:00,63.310001373291016,64.76000213623047,62.88999938964844,64.5199966430664,234250,0.0,0.0,CL=F
2025-09-17 00:00:00-04:00,64.58999633789062,64.66999816894531,63.689998626708984,64.05000305175781,165427,0.0,0.0,CL=F
2025-09-18 00:00:00-04:00,63.9900016784668,64.55000305175781,63.33000183105469,63.56999969482422,82321,0.0,0.0,CL=F
2025-09-19 00:00:00-04:00,63.59000015258789,63.650001525878906,62.599998474121094,62.68000030517578,87165,0.0,0.0,CL=F
2025-09-22 00:00:00-04:00,62.7400016784668,63.18000030517578,61.97999954223633,62.63999938964844,223779,0.0,0.0,CL=F
2025-09-23 00:00:00-04:00,62.33000183105469,63.88999938964844,61.849998474121094,63.40999984741211,265948,0.0,0.0,CL=F
2025-09-24 00:00:00-04:00,63.63999938964844,65.05000305175781,63.25,64.98999786376953,282721,0.0,0.0,CL=F
2025-09-25 00:00:00-04:00,64.80000305175781,65.33999633789062,64.05999755859375,64.9800033569336,258353,0.0,0.0,CL=F
2025-09-26 00:00:00-04:00,65.19999694824219,66.41999816894531,64.66000366210938,65.72000122070312,284990,0.0,0.0,CL=F
2025-09-29 00:00:00-04:00,65.06999969482422,65.4000015258789,62.97999954223633,63.45000076293945,294292,0.0,0.0,CL=F
2025-09-30 00:00:00-04:00,63.13999938964844,63.2599983215332,62.029998779296875,62.369998931884766,271649,0.0,0.0,CL=F
2025-10-01 00:00:00-04:00,62.459999084472656,62.88999938964844,61.400001525878906,61.779998779296875,271649,0.0,0.0,CL=F
2025-10-02 00:00:00-04:00,61.779998779296875,62.540000915527344,60.400001525878906,60.529998779296875,227309,0.0,0.0,CL=F
