Date,Open,High,Low,Close,Volume,Symbol,Source
2023-04-17 00:00:00+05:30,1106.9814803229494,1106.9814803229494,1072.333391852291,1080.73291015625,17929479,RELIANCE,yfinance
2023-04-18 00:00:00+05:30,1085.0923881243807,1085.0923881243807,1061.8110548039576,1068.36181640625,10405576,RELIANCE,yfinance
2023-04-19 00:00:00+05:30,1067.768405195298,1076.3733137885806,1064.64142217666,1073.6800537109375,12273475,RELIANCE,yfinance
2023-04-20 00:00:00+05:30,1074.638679040759,1076.8755157885284,1064.595795217696,1070.9638671875,7007330,RELIANCE,yfinance
2023-04-21 00:00:00+05:30,1073.0637661728558,1077.7884724738815,1066.5586465106753,1072.310546875,7647317,RELIANCE,yfinance
2023-04-24 00:00:00+05:30,1084.1794719407253,1086.8727319946267,1071.8539885727766,1076.4190673828125,12936186,RELIANCE,yfinance
2023-04-25 00:00:00+05:30,1080.0709122812248,1086.7357798786459,1072.9952636709509,1084.65869140625,9236126,RELIANCE,yfinance
2023-04-26 00:00:00+05:30,1086.0054116702795,1089.2466212621475,1074.6158376300252,1078.2906494140625,8617834,RELIANCE,yfinance
2023-04-27 00:00:00+05:30,1084.1794457664448,1088.2878596252956,1079.1579437194785,1085.115234375,9167125,RELIANCE,yfinance
2023-04-28 00:00:00+05:30,1087.3748753991613,1106.5021527689444,1087.2607695641375,1104.949951171875,15565210,RELIANCE,yfinance
2023-05-02 00:00:00+05:30,1112.1170391794083,1116.4994278601828,1108.4194062766874,1114.3310546875,12981805,RELIANCE,yfinance
2023-05-03 00:00:00+05:30,1116.1342091904096,1116.1342091904096,1101.549188303151,1104.7674560546875,7061872,RELIANCE,yfinance
2023-05-04 00:00:00+05:30,1105.2467632974385,1119.717677582049,1102.2567073883076,1117.503662109375,8635233,RELIANCE,yfinance
2023-05-05 00:00:00+05:30,1114.3083172243437,1123.5979821409157,1112.0258380416835,1114.650634765625,8746585,RELIANCE,yfinance
2023-05-08 00:00:00+05:30,1118.4167001177036,1133.7778823916174,1115.746261129747,1128.4140625,9153782,RELIANCE,yfinance
2023-05-09 00:00:00+05:30,1129.8290394334551,1135.2158009724574,1124.4652198090143,1131.9061279296875,6464721,RELIANCE,yfinance
2023-05-10 00:00:00+05:30,1136.6766978121202,1141.173192717246,1132.659447469911,1139.6895751953125,10872255,RELIANCE,yfinance
2023-05-11 00:00:00+05:30,1140.762158669685,1145.5781493917782,1130.5365853892238,1132.24853515625,10557860,RELIANCE,yfinance
2023-05-12 00:00:00+05:30,1127.4553650769165,1135.4897449397138,1121.3839680276494,1134.097412109375,6955341,RELIANCE,yfinance
2023-05-15 00:00:00+05:30,1136.6310244600713,1143.318592964205,1128.9846046154787,1136.334228515625,6833343,RELIANCE,yfinance
2023-05-16 00:00:00+05:30,1138.5026071786638,1141.0589403639667,1118.485181669263,1120.1514892578125,8717229,RELIANCE,yfinance
2023-05-17 00:00:00+05:30,1124.3510275803587,1125.2639949628326,1108.8302198375738,1113.5321044921875,8798967,RELIANCE,yfinance
2023-05-18 00:00:00+05:30,1118.21139175125,1121.6123498838558,1107.9858169299096,1111.1357421875,10525531,RELIANCE,yfinance
2023-05-19 00:00:00+05:30,1111.1357155261294,1116.5679991928369,1104.1968724046772,1114.741943359375,8050447,RELIANCE,yfinance
2023-05-22 00:00:00+05:30,1111.5693019532657,1125.7207212869755,1110.3596592183865,1120.69921875,7434906,RELIANCE,yfinance
2023-05-23 00:00:00+05:30,1123.2784399572938,1126.6336347127256,1119.0786204739588,1120.4937744140625,6092034,RELIANCE,yfinance
2023-05-24 00:00:00+05:30,1116.545095308795,1124.8076864197674,1110.861658447196,1113.9658203125,8112254,RELIANCE,yfinance
2023-05-25 00:00:00+05:30,1111.0672556833676,1117.9603357408223,1102.9187697829475,1113.8289794921875,11487863,RELIANCE,yfinance
2023-05-26 00:00:00+05:30,1122.0687058844728,1145.3500415058625,1118.7591533794464,1144.2088623046875,12626260,RELIANCE,yfinance
2023-05-29 00:00:00+05:30,1150.8279550929283,1154.9364899661489,1144.5283465169668,1150.6453857421875,10010304,RELIANCE,yfinance
2023-05-30 00:00:00+05:30,1150.645307987406,1158.451475420254,1147.7921790871794,1150.3486328125,11342504,RELIANCE,yfinance
2023-05-31 00:00:00+05:30,1141.2414908293927,1145.7379850828543,1123.438083146388,1127.5008544921875,27107927,RELIANCE,yfinance
2023-06-01 00:00:00+05:30,1132.1800927726736,1134.3484659204855,1122.068625138698,1124.4652099609375,14592692,RELIANCE,yfinance
2023-06-02 00:00:00+05:30,1128.003101699598,1133.412563645759,1118.8731857024297,1120.7904052734375,15800644,RELIANCE,yfinance
2023-06-05 00:00:00+05:30,1126.268543700321,1133.8235582589482,1122.274114564264,1130.8563232421875,10908682,RELIANCE,yfinance
2023-06-06 00:00:00+05:30,1133.6865172838243,1135.6265579862757,1123.8946668621782,1131.8148193359375,7493309,RELIANCE,yfinance
2023-06-07 00:00:00+05:30,1135.3071289198083,1141.241598708449,1128.7335456658939,1140.3970947265625,10312545,RELIANCE,yfinance
2023-06-08 00:00:00+05:30,1143.9805586437908,1148.9335976883083,1137.133121023714,1141.081787109375,12071109,RELIANCE,yfinance
2023-06-09 00:00:00+05:30,1144.4369244051343,1145.144501301207,1131.1984746215855,1133.001708984375,5877018,RELIANCE,yfinance
2023-06-12 00:00:00+05:30,1130.0574375493186,1136.311403822295,1125.2641468372988,1134.006103515625,6391969,RELIANCE,yfinance
2023-06-13 00:00:00+05:30,1138.9591656822827,1151.946463788879,1134.9647365494955,1150.759521484375,11248016,RELIANCE,yfinance
2023-06-14 00:00:00+05:30,1150.8278129732469,1166.3487415549168,1149.0018781974788,1164.9107666015625,13277380,RELIANCE,yfinance
2023-06-15 00:00:00+05:30,1164.888030487722,1169.7954267696327,1157.4471223513988,1165.23046875,11813494,RELIANCE,yfinance
2023-06-16 00:00:00+05:30,1168.72265257123,1178.856942021871,1168.72265257123,1176.574462890625,24171579,RELIANCE,yfinance
2023-06-19 00:00:00+05:30,1179.5873088461865,1179.5873088461865,1160.7111839901809,1164.8880615234375,6798554,RELIANCE,yfinance
2023-06-20 00:00:00+05:30,1162.9480481347903,1170.457299404325,1157.2189687814275,1167.3074951171875,6921096,RELIANCE,yfinance
2023-06-21 00:00:00+05:30,1167.2617442064677,1173.127750027222,1163.1533304634168,1170.59423828125,6961603,RELIANCE,yfinance
2023-06-22 00:00:00+05:30,1166.8053921892115,1174.702723824018,1155.8494202932393,1157.4471435546875,7619166,RELIANCE,yfinance
2023-06-23 00:00:00+05:30,1154.4343325060674,1156.4885999942844,1146.7195697742059,1147.9749755859375,6628570,RELIANCE,yfinance
2023-06-26 00:00:00+05:30,1144.436975506937,1148.2715353178476,1136.0831001245695,1139.2100830078125,12641159,RELIANCE,yfinance
2023-06-27 00:00:00+05:30,1139.666736088607,1145.578264166708,1135.1474200849475,1139.62109375,9689466,RELIANCE,yfinance
2023-06-28 00:00:00+05:30,1147.1760589375283,1158.519990797568,1140.2600374666351,1154.708251953125,11354006,RELIANCE,yfinance
2023-06-30 00:00:00+05:30,1162.423070452648,1167.1021346662303,1156.511421596289,1164.1805419921875,11151555,RELIANCE,yfinance
2023-07-03 00:00:00+05:30,1167.7413136446191,1196.934300105854,1166.5087289327182,1194.058349609375,12154387,RELIANCE,yfinance
2023-07-04 00:00:00+05:30,1198.3036177471888,1198.3036177471888,1174.6798459927943,1181.755615234375,8061643,RELIANCE,yfinance
2023-07-05 00:00:00+05:30,1190.9997357239995,1190.9997357239995,1175.8440646341217,1179.8155517578125,10248062,RELIANCE,yfinance
2023-07-06 00:00:00+05:30,1175.958111582341,1207.1824197013011,1175.958111582341,1204.5804443359375,19117987,RELIANCE,yfinance
2023-07-07 00:00:00+05:30,1202.8686056265724,1216.5406584496827,1199.6730384312104,1202.2294921875,13375267,RELIANCE,yfinance
2023-07-10 00:00:00+05:30,1227.4736968882496,1258.1046546175523,1221.1284462814795,1248.541015625,33240016,RELIANCE,yfinance
2023-07-11 00:00:00+05:30,1256.6894093813987,1264.495455649915,1249.7050458386786,1262.0760498046875,20069348,RELIANCE,yfinance
2023-07-12 00:00:00+05:30,1262.806571231475,1279.103541836806,1260.683840337917,1263.468505859375,18733835,RELIANCE,yfinance
2023-07-13 00:00:00+05:30,1270.8408996155135,1277.7339788902639,1249.545369524751,1252.170166015625,14682934,RELIANCE,yfinance
2023-07-14 00:00:00+05:30,1255.3657025022662,1260.341562579208,1243.9989491216202,1251.120361328125,15124144,RELIANCE,yfinance
2023-07-17 00:00:00+05:30,1253.9962192785829,1285.0607786645128,1245.3227267228626,1276.68408203125,22220040,RELIANCE,yfinance
2023-07-18 00:00:00+05:30,1285.9509768018002,1295.286283587151,1274.995004828538,1287.52587890625,25867313,RELIANCE,yfinance
2023-07-19 00:00:00+05:30,1291.8854597114334,1303.7543992835303,1276.8210735612868,1297.294921875,39122156,RELIANCE,yfinance
2023-07-20 00:00:00+05:30,1276.014839753512,1301.213635792283,1276.014839753512,1295.723876953125,38717624,RELIANCE,yfinance
2023-07-21 00:00:00+05:30,1290.3576048302098,1293.2755748788927,1248.1205739980844,1255.6134033203125,30249238,RELIANCE,yfinance
2023-07-24 00:00:00+05:30,1227.0515368964086,1243.8424839995957,1221.2649818512405,1230.216796875,23727866,RELIANCE,yfinance
2023-07-25 00:00:00+05:30,1233.4810641733905,1239.0203294862108,1226.5569523456327,1229.425537109375,12026020,RELIANCE,yfinance
2023-07-26 00:00:00+05:30,1229.0298463901022,1259.693770122974,1229.0298463901022,1249.406494140625,12911012,RELIANCE,yfinance
2023-07-27 00:00:00+05:30,1253.2889256301971,1255.06933898356,1231.6758304667376,1237.7838134765625,17226898,RELIANCE,yfinance
2023-07-28 00:00:00+05:30,1242.4081558253793,1257.6412248805652,1236.7204929547063,1250.2225341796875,20827852,RELIANCE,yfinance
2023-07-31 00:00:00+05:30,1250.222567835286,1263.1062644351005,1245.3261593927457,1260.8065185546875,8551174,RELIANCE,yfinance
2023-08-01 00:00:00+05:30,1263.650247759219,1265.6285651725407,1239.0696780480796,1242.976806640625,9536632,RELIANCE,yfinance
2023-08-02 00:00:00+05:30,1240.9985763343113,1242.383422770223,1218.4458286875906,1229.697509765625,12748214,RELIANCE,yfinance
2023-08-03 00:00:00+05:30,1224.2323775511124,1236.893537376658,1215.700883147937,1224.529052734375,10168350,RELIANCE,yfinance
2023-08-04 00:00:00+05:30,1235.8550243989196,1244.3617658987635,1222.4024889169664,1241.1717529296875,22885610,RELIANCE,yfinance
2023-08-07 00:00:00+05:30,1246.8346631113916,1250.4945023600335,1238.92139273861,1248.2442626953125,5982870,RELIANCE,yfinance
2023-08-08 00:00:00+05:30,1250.2967221809695,1253.4867351589849,1236.2259624118224,1240.7265625,9844072,RELIANCE,yfinance
2023-08-09 00:00:00+05:30,1238.8472469851743,1250.7912910864598,1227.1009863432985,1248.911865234375,11486586,RELIANCE,yfinance
2023-08-10 00:00:00+05:30,1248.788167272386,1261.177404750792,1240.6276075945868,1254.475830078125,15470598,RELIANCE,yfinance
2023-08-11 00:00:00+05:30,1252.4975295128647,1265.5544976220099,1242.5565564009414,1259.767822265625,22179330,RELIANCE,yfinance
2023-08-14 00:00:00+05:30,1255.7371227128601,1277.1524353275731,1248.8130109688743,1274.65478515625,9575812,RELIANCE,yfinance
2023-08-16 00:00:00+05:30,1261.672044700447,1277.3996937112483,1261.672044700447,1273.6160888671875,10203112,RELIANCE,yfinance
2023-08-17 00:00:00+05:30,1269.6348629683328,1275.0752365265755,1252.695518025622,1255.2425537109375,13673744,RELIANCE,yfinance
2023-08-18 00:00:00+05:30,1251.9041214413387,1274.827925208279,1240.6771930744892,1264.5406494140625,18639978,RELIANCE,yfinance
2023-08-21 00:00:00+05:30,1260.6443643964944,1268.3374245054665,1248.5836072167706,1250.74267578125,9221746,RELIANCE,yfinance
2023-08-22 00:00:00+05:30,1249.204008079304,1259.6517042081298,1240.319812990251,1250.44482421875,7713044,RELIANCE,yfinance
2023-08-23 00:00:00+05:30,1252.8272476636503,1262.0838090060652,1249.2288807667073,1251.8345947265625,9517952,RELIANCE,yfinance
2023-08-24 00:00:00+05:30,1260.6195534341234,1260.6195534341234,1226.4227081001463,1230.7904052734375,14140020,RELIANCE,yfinance
2023-08-25 00:00:00+05:30,1218.9778633049934,1243.2978613921046,1212.3271367872899,1225.1075439453125,22222400,RELIANCE,yfinance
2023-08-28 00:00:00+05:30,1226.9189266304347,1232.87484375,1206.6192242506277,1212.897705078125,12580826,RELIANCE,yfinance
2023-08-29 00:00:00+05:30,1217.0173382536789,1217.7121468384466,1195.2285336373561,1201.2838134765625,16876644,RELIANCE,yfinance
2023-08-30 00:00:00+05:30,1207.066064519438,1212.525656094156,1198.628513903965,1200.142333984375,12168946,RELIANCE,yfinance
2023-08-31 00:00:00+05:30,1202.5990605910981,1203.5917135507277,1191.133870437995,1194.6578369140625,21638600,RELIANCE,yfinance
2023-09-01 00:00:00+05:30,1194.4343955405523,1203.9141576589248,1192.0023233270636,1197.4619140625,18112842,RELIANCE,yfinance
2023-09-04 00:00:00+05:30,1197.4619529612135,1202.921543874001,1193.8140262826475,1196.494140625,9347626,RELIANCE,yfinance
2023-09-05 00:00:00+05:30,1201.1101487589585,1208.033879307401,1197.362859390741,1202.89697265625,8675876,RELIANCE,yfinance
2023-09-06 00:00:00+05:30,1201.6560920331103,1209.125708635972,1199.745186611218,1205.4281005859375,8200370,RELIANCE,yfinance
2023-09-07 00:00:00+05:30,1201.9537313347682,1210.1679582595825,1196.6430625915527,1207.06591796875,13652572,RELIANCE,yfinance
2023-09-08 00:00:00+05:30,1211.0365924741222,1218.9778160313297,1202.5742018862823,1215.1064453125,23109288,RELIANCE,yfinance
2023-09-11 00:00:00+05:30,1216.9924464989115,1229.326207160582,1216.9924464989115,1228.20947265625,13271074,RELIANCE,yfinance
2023-09-12 00:00:00+05:30,1232.3785847782628,1232.3785847782628,1209.026400892418,1210.4658203125,16255666,RELIANCE,yfinance
2023-09-13 00:00:00+05:30,1211.0365644667,1222.2783103355039,1204.2120756300537,1216.52099609375,12803338,RELIANCE,yfinance
2023-09-14 00:00:00+05:30,1220.9630582690309,1223.8417758931353,1213.5181615722684,1217.6376953125,9209636,RELIANCE,yfinance
2023-09-15 00:00:00+05:30,1224.9336610195687,1224.9336610195687,1215.7516218263509,1219.89599609375,25468592,RELIANCE,yfinance
2023-09-18 00:00:00+05:30,1211.061482045193,1216.4962329024152,1207.0908701058952,1209.274658203125,7516300,RELIANCE,yfinance
2023-09-20 00:00:00+05:30,1202.623922773179,1204.882232531632,1168.8488809798134,1182.3240966796875,57081884,RELIANCE,yfinance
2023-09-21 00:00:00+05:30,1178.7504333612094,1186.269851496792,1171.3303774506073,1173.7127685546875,12226182,RELIANCE,yfinance
2023-09-22 00:00:00+05:30,1179.2716708437545,1182.4729522811776,1166.367182863141,1168.823974609375,19176786,RELIANCE,yfinance
2023-09-25 00:00:00+05:30,1166.5657437194718,1171.6779308453931,1158.9720452955405,1161.6273193359375,14254884,RELIANCE,yfinance
2023-09-26 00:00:00+05:30,1160.684310036077,1166.4664650387544,1159.2201711598175,1162.644775390625,10087782,RELIANCE,yfinance
2023-09-27 00:00:00+05:30,1163.1411580463555,1177.1872222950064,1160.6595255350553,1175.747802734375,11722778,RELIANCE,yfinance
2023-09-28 00:00:00+05:30,1182.7460248832851,1182.7460248832851,1153.959088482433,1158.4757080078125,14518346,RELIANCE,yfinance
2023-09-29 00:00:00+05:30,1162.2973995824232,1175.847137006539,1158.475709840611,1163.8856201171875,12342014,RELIANCE,yfinance
2023-10-03 00:00:00+05:30,1156.4158809171215,1159.2201982891547,1149.4921506176527,1150.5592041015625,8859056,RELIANCE,yfinance
2023-10-04 00:00:00+05:30,1146.0178196869251,1150.981084388904,1139.1189302205564,1148.5738525390625,10286386,RELIANCE,yfinance
2023-10-05 00:00:00+05:30,1151.1052273242312,1156.1428927957072,1146.017880733707,1148.5491943359375,10953682,RELIANCE,yfinance
2023-10-06 00:00:00+05:30,1150.0132553057874,1153.8597853939605,1147.5316229908371,1150.4847412109375,5431026,RELIANCE,yfinance
2023-10-09 00:00:00+05:30,1145.5711149238573,1147.4818990309532,1139.0691900320726,1140.6822509765625,7576878,RELIANCE,yfinance
2023-10-10 00:00:00+05:30,1144.8018394410437,1150.435072150941,1143.4121010954177,1145.719970703125,10236032,RELIANCE,yfinance
2023-10-11 00:00:00+05:30,1148.7227620999727,1166.2182699823193,1148.0031129607796,1163.910400390625,9814118,RELIANCE,yfinance
2023-10-12 00:00:00+05:30,1163.3148210249558,1171.0078811502246,1160.485663265934,1166.0693359375,12554450,RELIANCE,yfinance
2023-10-13 00:00:00+05:30,1161.4039150831682,1170.0896281233202,1156.0187245288932,1166.019775390625,10150316,RELIANCE,yfinance
2023-10-16 00:00:00+05:30,1163.885548402189,1168.6254903286665,1159.4186102633319,1163.4140625,5929036,RELIANCE,yfinance
2023-10-17 00:00:00+05:30,1169.3451452373686,1171.18152891328,1162.0491704758838,1168.972900390625,7928180,RELIANCE,yfinance
2023-10-18 00:00:00+05:30,1168.9729714451066,1174.8048077319042,1151.9737890772074,1153.4627685546875,8918320,RELIANCE,yfinance
2023-10-19 00:00:00+05:30,1147.5068298823098,1152.37085365543,1142.0472385636656,1144.603271484375,12032556,RELIANCE,yfinance
2023-10-20 00:00:00+05:30,1141.5508934053469,1148.846868358942,1139.7145096810816,1141.104248046875,8913312,RELIANCE,yfinance
2023-10-23 00:00:00+05:30,1136.5875839948083,1144.6528889030683,1119.340239652529,1123.2860107421875,7853962,RELIANCE,yfinance
2023-10-25 00:00:00+05:30,1116.7594889591046,1132.2200112886635,1113.2603628260954,1120.680419921875,11620688,RELIANCE,yfinance
2023-10-26 00:00:00+05:30,1117.2307983645155,1120.7050833883056,1101.993601137725,1105.07080078125,15222534,RELIANCE,yfinance
2023-10-27 00:00:00+05:30,1111.7712909465938,1128.3982276638756,1109.761144511754,1124.5765380859375,11771084,RELIANCE,yfinance
2023-10-30 00:00:00+05:30,1128.6464350717906,1153.9590859902871,1126.6362885582769,1147.7550048828125,16813304,RELIANCE,yfinance
2023-10-31 00:00:00+05:30,1155.4480281047179,1155.4480281047179,1133.0636557231696,1135.5452880859375,12808438,RELIANCE,yfinance
2023-11-01 00:00:00+05:30,1136.1656826268284,1150.236586425296,1129.2419526519689,1140.2603759765625,10309190,RELIANCE,yfinance
2023-11-02 00:00:00+05:30,1148.4746196953226,1153.6116471680004,1145.4966608528325,1151.57666015625,10562104,RELIANCE,yfinance
2023-11-03 00:00:00+05:30,1155.0509397455937,1158.897469898072,1149.3680258840427,1151.3284912109375,8850156,RELIANCE,yfinance
2023-11-06 00:00:00+05:30,1157.5822297180116,1161.4039192346488,1154.256866662586,1160.9075927734375,10647304,RELIANCE,yfinance
2023-11-07 00:00:00+05:30,1158.4507493206686,1160.9572220726066,1151.2540159543112,1153.3634033203125,6960204,RELIANCE,yfinance
2023-11-08 00:00:00+05:30,1157.4333936812945,1161.9003321646271,1152.3460470752768,1159.3690185546875,7884494,RELIANCE,yfinance
2023-11-09 00:00:00+05:30,1159.344192861405,1159.3689122452765,1143.6353879313751,1146.787109375,14513610,RELIANCE,yfinance
2023-11-10 00:00:00+05:30,1144.3055869187945,1149.6659373563402,1140.5831381668131,1148.9461669921875,7734954,RELIANCE,yfinance
2023-11-13 00:00:00+05:30,1152.9167762849927,1153.7606282722284,1147.3579437297892,1148.79736328125,3854810,RELIANCE,yfinance
2023-11-15 00:00:00+05:30,1161.4039352802765,1172.2982770196893,1154.9516911953863,1169.5684814453125,12220648,RELIANCE,yfinance
2023-11-16 00:00:00+05:30,1166.9131951067154,1178.3534231349859,1164.8533675821152,1171.6778564453125,13134910,RELIANCE,yfinance
2023-11-17 00:00:00+05:30,1167.8064883385834,1177.9067803474445,1167.3846835483773,1169.121826171875,7758634,RELIANCE,yfinance
2023-11-20 00:00:00+05:30,1165.6474702823514,1170.5362129509904,1159.61703140789,1166.0445556640625,4490186,RELIANCE,yfinance
2023-11-21 00:00:00+05:30,1174.3083747965666,1185.227556641674,1171.4296571663483,1180.7109375,8214450,RELIANCE,yfinance
2023-11-22 00:00:00+05:30,1178.7752974396924,1188.4288224829827,1177.3855591701267,1185.3267822265625,8534814,RELIANCE,yfinance
2023-11-23 00:00:00+05:30,1185.3268657327444,1191.1835423841578,1185.3268657327444,1188.9500732421875,8531542,RELIANCE,yfinance
2023-11-24 00:00:00+05:30,1187.0144298509326,1192.474021001291,1186.7414260587238,1188.1558837890625,6749486,RELIANCE,yfinance
2023-11-28 00:00:00+05:30,1188.1558894990753,1191.034607263244,1178.899449291774,1188.404052734375,13792174,RELIANCE,yfinance
2023-11-29 00:00:00+05:30,1195.1540911072586,1197.1145563492605,1190.2156671664848,1191.5308837890625,12531306,RELIANCE,yfinance
2023-11-30 00:00:00+05:30,1188.5529645510346,1191.530923348677,1176.2440439527552,1179.9913330078125,28439984,RELIANCE,yfinance
2023-12-01 00:00:00+05:30,1180.2643464861462,1189.3967050711567,1180.0658643673892,1188.3544921875,14342842,RELIANCE,yfinance
2023-12-04 00:00:00+05:30,1215.9999042684663,1215.9999042684663,1190.4887710727894,1201.2093505859375,15590990,RELIANCE,yfinance
2023-12-05 00:00:00+05:30,1210.5403299982054,1211.4585824899339,1201.929016778731,1209.919921875,12693624,RELIANCE,yfinance
2023-12-06 00:00:00+05:30,1214.560584514323,1227.3905513904704,1208.5549856031337,1221.5091552734375,16422442,RELIANCE,yfinance
2023-12-07 00:00:00+05:30,1220.9630401277734,1221.4345260102064,1212.0291642243994,1219.4989013671875,8142096,RELIANCE,yfinance
2023-12-08 00:00:00+05:30,1222.8739302715144,1229.2516522307412,1213.5181285411948,1218.8536376953125,10204894,RELIANCE,yfinance
2023-12-11 00:00:00+05:30,1218.9777608532804,1224.7351961410227,1217.1909371644088,1220.6405029296875,7066138,RELIANCE,yfinance
2023-12-12 00:00:00+05:30,1220.9630282642331,1223.4198198791,1201.1843713898427,1203.1201171875,9197124,RELIANCE,yfinance
2023-12-13 00:00:00+05:30,1202.102614795848,1210.2176004047437,1194.3103140708777,1208.03369140625,10031182,RELIANCE,yfinance
2023-12-14 00:00:00+05:30,1217.9851619285064,1228.3831772791464,1212.3518080035872,1223.0228271484375,16972354,RELIANCE,yfinance
2023-12-15 00:00:00+05:30,1229.8969303201395,1240.8161121066785,1225.9511593183302,1238.63232421875,15932152,RELIANCE,yfinance
2023-12-18 00:00:00+05:30,1238.6323699765335,1258.1379030406688,1236.3243792186838,1251.239013671875,14165188,RELIANCE,yfinance
2023-12-19 00:00:00+05:30,1268.1140495332209,1277.4945707453207,1253.3234974409622,1269.6527099609375,16820604,RELIANCE,yfinance
2023-12-20 00:00:00+05:30,1276.080186427869,1289.8780864366483,1250.7426960684581,1254.2913818359375,17736722,RELIANCE,yfinance
2023-12-21 00:00:00+05:30,1254.2170195322976,1277.2962009364337,1249.8741628164655,1271.8614501953125,13765454,RELIANCE,yfinance
2023-12-22 00:00:00+05:30,1270.3973397701047,1280.9689971307214,1264.4661412408368,1273.102294921875,16541784,RELIANCE,yfinance
2023-12-26 00:00:00+05:30,1274.5663382448713,1286.453332624264,1271.935783794956,1279.554443359375,7465664,RELIANCE,yfinance
2023-12-27 00:00:00+05:30,1281.5150092423955,1290.3992050276352,1277.0977519092014,1283.9222412109375,9204156,RELIANCE,yfinance
2023-12-28 00:00:00+05:30,1285.38634910855,1296.4047727896045,1283.922210219302,1293.2034912109375,12302636,RELIANCE,yfinance
2023-12-29 00:00:00+05:30,1295.958012986606,1297.3973111899322,1280.1748079960485,1282.97900390625,10864584,RELIANCE,yfinance
2024-01-01 00:00:00+05:30,1280.7952766903763,1293.848686885263,1277.1223881648045,1285.609619140625,4030540,RELIANCE,yfinance
2024-01-02 00:00:00+05:30,1283.0039664322292,1297.8937610136477,1277.0480485996618,1296.255859375,7448800,RELIANCE,yfinance
2024-01-03 00:00:00+05:30,1295.412048372221,1307.3238832997818,1279.132516403198,1282.16015625,9037536,RELIANCE,yfinance
2024-01-04 00:00:00+05:30,1284.4928354763001,1295.337616733607,1280.0755785995668,1288.7860107421875,9612778,RELIANCE,yfinance
2024-01-05 00:00:00+05:30,1291.8881165287519,1300.3009471094986,1289.456165302221,1294.2705078125,8086406,RELIANCE,yfinance
2024-01-08 00:00:00+05:30,1295.4120337021336,1306.3063750382337,1275.0378087074926,1284.1702880859375,7734652,RELIANCE,yfinance
2024-01-09 00:00:00+05:30,1290.448874370277,1293.8239187379374,1279.1326061603381,1280.7705078125,5403074,RELIANCE,yfinance
2024-01-10 00:00:00+05:30,1279.0333061103788,1319.7320764251056,1278.0654937339266,1315.3148193359375,11102740,RELIANCE,yfinance
2024-01-11 00:00:00+05:30,1319.7321386109766,1352.489686993197,1318.7394856296971,1349.9088134765625,23725852,RELIANCE,yfinance
2024-01-12 00:00:00+05:30,1349.9087552154863,1363.2350482099334,1335.8626919019084,1360.6541748046875,15012164,RELIANCE,yfinance
2024-01-15 00:00:00+05:30,1364.897836134336,1386.1901939086483,1355.9639593887296,1383.88232421875,8610594,RELIANCE,yfinance
2024-01-16 00:00:00+05:30,1379.7627106993223,1386.0413130880693,1360.4308194226976,1364.5255126953125,9069024,RELIANCE,yfinance
2024-01-17 00:00:00+05:30,1349.511582817391,1376.0898877655304,1345.0694854389078,1351.5712890625,12197382,RELIANCE,yfinance
2024-01-18 00:00:00+05:30,1341.4712027363942,1360.92717605878,1341.3222805612156,1357.8995361328125,10279438,RELIANCE,yfinance
2024-01-19 00:00:00+05:30,1365.890429247957,1365.890429247957,1349.015329468004,1357.4031982421875,10422704,RELIANCE,yfinance
2024-01-23 00:00:00+05:30,1361.6716823004633,1361.6716823004633,1312.8332056966303,1318.8138427734375,20055420,RELIANCE,yfinance
2024-01-24 00:00:00+05:30,1325.4149927095905,1339.5851376107455,1314.1980872328543,1334.00146484375,21919128,RELIANCE,yfinance
2024-01-25 00:00:00+05:30,1333.0831783387705,1354.1274927557365,1325.390118278632,1343.1337890625,11808872,RELIANCE,yfinance
2024-01-29 00:00:00+05:30,1354.474931519067,1441.8283899094502,1350.1817560391485,1437.4111328125,23893438,RELIANCE,yfinance
2024-01-30 00:00:00+05:30,1449.2235971647833,1449.2484377227322,1394.1066401470152,1397.2830810546875,14093978,RELIANCE,yfinance
2024-01-31 00:00:00+05:30,1393.6847810610707,1423.7125336444733,1392.195801594125,1416.1435546875,15130226,RELIANCE,yfinance
2024-02-01 00:00:00+05:30,1424.4569627393994,1432.745590517861,1407.631543948549,1416.1683349609375,13349362,RELIANCE,yfinance
2024-02-02 00:00:00+05:30,1422.6453963923934,1464.0638152243819,1422.6453963923934,1446.9901123046875,19652588,RELIANCE,yfinance
2024-02-05 00:00:00+05:30,1450.0177530325548,1459.6961190035063,1421.007495677393,1428.452392578125,8814432,RELIANCE,yfinance
2024-02-06 00:00:00+05:30,1431.2565145548228,1431.2565145548228,1409.3933108861847,1417.309814453125,9047984,RELIANCE,yfinance
2024-02-07 00:00:00+05:30,1425.3752031215413,1438.8504181404362,1418.7491963623445,1431.554443359375,9296568,RELIANCE,yfinance
2024-02-08 00:00:00+05:30,1439.3467435794867,1448.752105824393,1417.0368932886952,1439.4708251953125,14694634,RELIANCE,yfinance
2024-02-09 00:00:00+05:30,1443.31729322881,1461.1602045826953,1440.2896534634558,1450.0177001953125,12556798,RELIANCE,yfinance
2024-02-12 00:00:00+05:30,1450.017752117624,1450.2659153474917,1431.7529141646626,1441.679443359375,6674430,RELIANCE,yfinance
2024-02-13 00:00:00+05:30,1444.8063713272154,1468.1337156942297,1443.3173918995335,1454.3358154296875,7715594,RELIANCE,yfinance
2024-02-14 00:00:00+05:30,1446.7916226083244,1472.749520552248,1446.7916226083244,1470.4912109375,7117888,RELIANCE,yfinance
2024-02-15 00:00:00+05:30,1472.4516121931645,1473.8165098910026,1455.750276105359,1459.7952880859375,10006782,RELIANCE,yfinance
2024-02-16 00:00:00+05:30,1465.6271998466532,1466.1483668657747,1447.8339689108675,1449.843994140625,9767498,RELIANCE,yfinance
2024-02-19 00:00:00+05:30,1451.3082561823699,1468.6300012389227,1442.8458657695369,1463.17041015625,6729828,RELIANCE,yfinance
2024-02-20 00:00:00+05:30,1464.1880192365334,1464.659505178025,1451.0602075132595,1460.2174072265625,7117496,RELIANCE,yfinance
2024-02-21 00:00:00+05:30,1463.170510366537,1477.5888193115914,1446.8414171157522,1456.916748046875,12720292,RELIANCE,yfinance
2024-02-22 00:00:00+05:30,1457.3633484018678,1474.0398440634356,1447.2878974462733,1470.8634033203125,18493728,RELIANCE,yfinance
2024-02-23 00:00:00+05:30,1478.556551746289,1486.5474563697878,1472.4517119404402,1482.6512451171875,14438584,RELIANCE,yfinance
2024-02-26 00:00:00+05:30,1482.5768223248915,1483.5446346905887,1471.607959051116,1476.3974609375,7513106,RELIANCE,yfinance
2024-02-27 00:00:00+05:30,1472.1291493159843,1488.9297276070065,1467.1907251784094,1474.73486328125,10826044,RELIANCE,yfinance
2024-02-28 00:00:00+05:30,1472.1042938560004,1480.3185210789975,1439.5205099276588,1444.930419921875,8647950,RELIANCE,yfinance
2024-02-29 00:00:00+05:30,1454.2365988812116,1468.1088998815815,1443.8385832706604,1450.0675048828125,23628976,RELIANCE,yfinance
2024-03-01 00:00:00+05:30,1452.7475417409498,1488.979373154373,1451.7548888255137,1481.1622314453125,12132926,RELIANCE,yfinance
2024-03-04 00:00:00+05:30,1479.5243736818861,1501.337897909408,1476.2982516112518,1496.3250732421875,10024420,RELIANCE,yfinance
2024-03-05 00:00:00+05:30,1494.7119691573153,1496.3250301461744,1475.1319146195472,1489.1778564453125,7107668,RELIANCE,yfinance
2024-03-06 00:00:00+05:30,1482.4775132325713,1497.9133152152726,1467.6373999640691,1491.9573974609375,7805676,RELIANCE,yfinance
2024-03-07 00:00:00+05:30,1491.9325571368477,1492.056638756749,1464.7091224345347,1468.059326171875,8315726,RELIANCE,yfinance
2024-03-11 00:00:00+05:30,1478.060156044582,1478.060156044582,1452.7475073010382,1455.82470703125,11277130,RELIANCE,yfinance
2024-03-12 00:00:00+05:30,1455.8248476863198,1477.0676458601295,1454.2614676999044,1464.5850830078125,9432678,RELIANCE,yfinance
2024-03-13 00:00:00+05:30,1468.9029635812572,1472.2034859914554,1417.2850129833478,1421.6527099609375,13522134,RELIANCE,yfinance
2024-03-14 00:00:00+05:30,1429.1224321842872,1437.882667347047,1415.0268084821887,1420.9578857421875,18571102,RELIANCE,yfinance
2024-03-15 00:00:00+05:30,1415.4733954219128,1422.694969713975,1402.5193474045138,1407.80517578125,19223818,RELIANCE,yfinance
2024-03-18 00:00:00+05:30,1409.5671563330236,1431.1325169373013,1406.1177116464064,1428.8990478515625,9169392,RELIANCE,yfinance
2024-03-19 00:00:00+05:30,1418.252849649116,1427.0378036957165,1406.8373411480031,1414.778564453125,8275764,RELIANCE,yfinance
2024-03-20 00:00:00+05:30,1417.458614341769,1434.3833942099568,1413.5625245390722,1433.142578125,8488806,RELIANCE,yfinance
2024-03-21 00:00:00+05:30,1441.8532357214951,1447.1887452733042,1434.060934378195,1440.3145751953125,13006936,RELIANCE,yfinance
2024-03-22 00:00:00+05:30,1439.321893152815,1449.2732629085037,1436.716179238339,1444.3348388671875,19527608,RELIANCE,yfinance
2024-03-26 00:00:00+05:30,1434.3835274360674,1441.7291835759677,1428.4276096750873,1430.983642578125,11415906,RELIANCE,yfinance
2024-03-27 00:00:00+05:30,1437.3614966588377,1488.9794509587407,1436.368843691532,1481.8819580078125,16326644,RELIANCE,yfinance
2024-03-28 00:00:00+05:30,1481.90676076149,1494.8856495085238,1467.786296896486,1474.933349609375,21854364,RELIANCE,yfinance
2024-04-01 00:00:00+05:30,1481.509712382751,1482.9986918329437,1471.6080232736622,1473.8663330078125,5013880,RELIANCE,yfinance
2024-04-02 00:00:00+05:30,1473.0968689675985,1483.0233977342266,1464.1629930776332,1476.025146484375,8910166,RELIANCE,yfinance
2024-04-03 00:00:00+05:30,1471.186101560143,1473.5436523631188,1458.1079713887636,1460.7880859375,7008292,RELIANCE,yfinance
2024-04-04 00:00:00+05:30,1468.878217464342,1468.878217464342,1439.3467919062653,1452.1768798828125,14490272,RELIANCE,yfinance
2024-04-05 00:00:00+05:30,1450.1417667351745,1459.9938949751336,1445.3025839763254,1449.3724365234375,7442298,RELIANCE,yfinance
2024-04-08 00:00:00+05:30,1452.226356281804,1480.0206375610207,1450.2658910334067,1475.057373046875,8357118,RELIANCE,yfinance
2024-04-09 00:00:00+05:30,1478.060211901015,1478.8543827139295,1451.7549092714805,1452.896484375,7071414,RELIANCE,yfinance
2024-04-10 00:00:00+05:30,1455.5766564963697,1476.0749645358123,1455.5766564963697,1468.7044677734375,9138330,RELIANCE,yfinance
2024-04-12 00:00:00+05:30,1465.031599863232,1475.5536963762681,1452.3255942645226,1456.3707275390625,15551012,RELIANCE,yfinance
2024-04-15 00:00:00+05:30,1450.2658952456557,1471.2356878788278,1435.6986653849476,1454.062744140625,12902062,RELIANCE,yfinance
2024-04-16 00:00:00+05:30,1442.6721581376476,1460.3662698899807,1440.265047408789,1454.9810791015625,9366184,RELIANCE,yfinance
2024-04-18 00:00:00+05:30,1452.7475160786112,1475.0822062813913,1448.6279823176308,1453.56640625,19005692,RELIANCE,yfinance
2024-04-19 00:00:00+05:30,1446.0720814485837,1463.1705049395248,1432.4231028577299,1459.323974609375,15741778,RELIANCE,yfinance
2024-04-22 00:00:00+05:30,1461.6317610616636,1471.9305352298081,1457.0160218672338,1468.9774169921875,10350362,RELIANCE,yfinance
2024-04-23 00:00:00+05:30,1468.1337674689391,1482.5272357774581,1444.8561033979943,1448.603271484375,14605554,RELIANCE,yfinance
2024-04-24 00:00:00+05:30,1452.7475596039474,1457.7605053579202,1438.8504186169605,1439.5205078125,10462776,RELIANCE,yfinance
2024-04-25 00:00:00+05:30,1431.9018276580116,1457.189636393573,1430.9091747445573,1449.2484130859375,15943926,RELIANCE,yfinance
2024-04-26 00:00:00+05:30,1453.1943211694756,1454.2366552962403,1439.346860190818,1441.878173828125,9413848,RELIANCE,yfinance
2024-04-29 00:00:00+05:30,1439.3467183436048,1457.1152296530197,1439.3467183436048,1454.2613525390625,7247974,RELIANCE,yfinance
2024-04-30 00:00:00+05:30,1457.2144546560796,1472.178648628076,1452.1271085524606,1456.2218017578125,11474262,RELIANCE,yfinance
2024-05-02 00:00:00+05:30,1461.185178797564,1466.4710074185996,1453.368036621592,1455.7752685546875,14512646,RELIANCE,yfinance
2024-05-03 00:00:00+05:30,1460.1925152681529,1464.1134460205978,1405.7455242326487,1423.46435546875,17226958,RELIANCE,yfinance
2024-05-06 00:00:00+05:30,1424.9533097670264,1429.4202480421582,1407.5818831415143,1409.095703125,7394208,RELIANCE,yfinance
2024-05-07 00:00:00+05:30,1405.571689953147,1410.311631866643,1381.772860502106,1391.17822265625,14517472,RELIANCE,yfinance
2024-05-08 00:00:00+05:30,1387.2325360419566,1422.4220356245855,1387.2325360419566,1408.1279296875,9439002,RELIANCE,yfinance
2024-05-09 00:00:00+05:30,1402.6186490602306,1413.2896685063718,1379.787630710347,1383.88232421875,11009612,RELIANCE,yfinance
2024-05-10 00:00:00+05:30,1386.4879762578594,1399.6406275450738,1377.8766636438304,1397.0845947265625,10505096,RELIANCE,yfinance
2024-05-13 00:00:00+05:30,1389.6149314683873,1396.6379028351905,1373.8317248456565,1392.394287109375,8456620,RELIANCE,yfinance
2024-05-14 00:00:00+05:30,1390.6818338615062,1416.590049599915,1389.738862101979,1409.6414794921875,7188300,RELIANCE,yfinance
2024-05-15 00:00:00+05:30,1410.063563528233,1419.468926315315,1402.6435067088078,1405.86962890625,5046534,RELIANCE,yfinance
2024-05-16 00:00:00+05:30,1408.1278405018506,1417.0120356183081,1387.75361519461,1414.8778076171875,14711774,RELIANCE,yfinance
2024-05-17 00:00:00+05:30,1412.5948920294334,1426.6408349602225,1402.8668442157614,1425.15185546875,10916476,RELIANCE,yfinance
2024-05-21 00:00:00+05:30,1415.1260338425998,1431.231803864575,1415.1260338425998,1425.57373046875,11176128,RELIANCE,yfinance
2024-05-22 00:00:00+05:30,1425.7226630539947,1457.9838844507517,1425.7226630539947,1449.9185791015625,10281604,RELIANCE,yfinance
2024-05-23 00:00:00+05:30,1447.8340020088174,1481.2615172416956,1444.3100355832012,1475.1319580078125,14608260,RELIANCE,yfinance
2024-05-24 00:00:00+05:30,1472.724715385057,1477.5638984586112,1465.2549777906743,1469.37451171875,7094776,RELIANCE,yfinance
2024-05-27 00:00:00+05:30,1469.3497180106694,1473.990419113941,1450.8119965034373,1455.4774169921875,6629010,RELIANCE,yfinance
2024-05-28 00:00:00+05:30,1457.2144512745626,1467.6373066821805,1442.0764946111178,1445.5010986328125,7820162,RELIANCE,yfinance
2024-05-29 00:00:00+05:30,1435.8724890871501,1447.287997987601,1427.8815843874524,1430.1895751953125,7383556,RELIANCE,yfinance
2024-05-30 00:00:00+05:30,1424.9532474164846,1429.817270893488,1409.6663684202383,1414.3814697265625,13206858,RELIANCE,yfinance
2024-05-31 00:00:00+05:30,1420.7841589242364,1431.653659822201,1411.800601617005,1419.8907470703125,31069832,RELIANCE,yfinance
2024-06-03 00:00:00+05:30,1472.1043222829317,1503.3728901534053,1448.2806515244756,1499.228515625,21527942,RELIANCE,yfinance
2024-06-04 00:00:00+05:30,1487.0437791255476,1487.0437791255476,1349.3131842665355,1387.0091552734375,36709098,RELIANCE,yfinance
2024-06-05 00:00:00+05:30,1411.5524616660985,1420.6352601794422,1373.9308915121778,1410.3116455078125,17464890,RELIANCE,yfinance
2024-06-06 00:00:00+05:30,1424.4569533735907,1433.0929853880773,1410.9072166555904,1421.0819091796875,17855722,RELIANCE,yfinance
2024-06-07 00:00:00+05:30,1418.004611799037,1461.1850112482903,1416.0193060772324,1459.1500244140625,18558696,RELIANCE,yfinance
2024-06-10 00:00:00+05:30,1459.150058153404,1482.3781598703026,1457.2888339961758,1460.5894775390625,9251760,RELIANCE,yfinance
2024-06-11 00:00:00+05:30,1458.20717740815,1462.847878399236,1443.9874724286744,1445.9727783203125,11774902,RELIANCE,yfinance
2024-06-12 00:00:00+05:30,1446.7916974833406,1465.1557773484808,1444.4838278075101,1452.5738525390625,10081742,RELIANCE,yfinance
2024-06-13 00:00:00+05:30,1461.1851486521073,1461.433311890669,1449.3725542618724,1454.4847412109375,9181160,RELIANCE,yfinance
2024-06-14 00:00:00+05:30,1459.199879544848,1468.8038455887872,1446.518713499826,1466.6944580078125,8157998,RELIANCE,yfinance
2024-06-18 00:00:00+05:30,1476.4224025999808,1476.4720837189377,1460.5399547367645,1470.1439208984375,7196766,RELIANCE,yfinance
2024-06-19 00:00:00+05:30,1476.571240472528,1476.571240472528,1445.3026730272272,1447.9332275390625,8725874,RELIANCE,yfinance
2024-06-20 00:00:00+05:30,1448.280730003189,1471.9554798675892,1439.446094050177,1462.8726806640625,16113776,RELIANCE,yfinance
2024-06-21 00:00:00+05:30,1462.7982011333013,1463.8652545834836,1429.9909727182371,1443.515869140625,31170360,RELIANCE,yfinance
2024-06-24 00:00:00+05:30,1434.9045699529108,1438.8503408924523,1426.9385064042085,1430.88427734375,8878386,RELIANCE,yfinance
2024-06-25 00:00:00+05:30,1432.3982039886682,1445.2282918111714,1430.4128980926341,1443.46630859375,7045386,RELIANCE,yfinance
2024-06-26 00:00:00+05:30,1435.425808927042,1507.8149506909176,1434.5075565031482,1502.9013671875,22014882,RELIANCE,yfinance
2024-06-27 00:00:00+05:30,1502.6283145931025,1526.2038207675607,1494.9352546835423,1519.304931640625,28383030,RELIANCE,yfinance
2024-06-28 00:00:00+05:30,1519.7764812043604,1569.3842873036351,1519.7764812043604,1553.89892578125,28957336,RELIANCE,yfinance
2024-07-01 00:00:00+05:30,1551.0450507194453,1567.7960689891884,1544.2454023527885,1548.6875,7724306,RELIANCE,yfinance
2024-07-02 00:00:00+05:30,1557.968834801107,1561.9394466769938,1545.5606726889605,1553.6756591796875,7749246,RELIANCE,yfinance
2024-07-03 00:00:00+05:30,1554.8170660210362,1563.4283787351976,1531.440162014497,1541.019287109375,9049620,RELIANCE,yfinance
2024-07-04 00:00:00+05:30,1545.5606622734106,1555.983518377374,1539.4062623766438,1542.6075439453125,6837176,RELIANCE,yfinance
2024-07-05 00:00:00+05:30,1542.4088769403465,1586.755694667964,1536.6267221432645,1576.9532470703125,12269710,RELIANCE,yfinance
2024-07-08 00:00:00+05:30,1577.3255888697254,1596.9801663885871,1570.898185044045,1589.13818359375,9500806,RELIANCE,yfinance
2024-07-09 00:00:00+05:30,1585.8623208770043,1588.7410386525216,1568.887979750272,1578.5911865234375,6960002,RELIANCE,yfinance
2024-07-10 00:00:00+05:30,1583.2814308954767,1585.7630632323035,1551.6654591589945,1572.5855712890625,7134578,RELIANCE,yfinance
2024-07-11 00:00:00+05:30,1575.8365135146928,1592.4634499565013,1558.9614138424095,1569.036865234375,11940946,RELIANCE,yfinance
2024-07-12 00:00:00+05:30,1572.8586162043875,1593.3569240772113,1562.9320865975437,1584.9937744140625,12924784,RELIANCE,yfinance
2024-07-15 00:00:00+05:30,1592.6620057625546,1594.0517441522056,1573.8512804915936,1585.4901123046875,5329688,RELIANCE,yfinance
2024-07-16 00:00:00+05:30,1581.792452589091,1588.24469666931,1557.5965372882695,1564.669189453125,9386838,RELIANCE,yfinance
2024-07-18 00:00:00+05:30,1564.4210812674708,1582.1895936713806,1546.3795650620239,1575.0177001953125,12298374,RELIANCE,yfinance
2024-07-19 00:00:00+05:30,1574.3475621142547,1578.293333314245,1541.3915329908289,1543.7242431640625,13140390,RELIANCE,yfinance
2024-07-22 00:00:00+05:30,1525.9557698439748,1526.203933085127,1488.2597977476694,1489.6495361328125,19674376,RELIANCE,yfinance
2024-07-23 00:00:00+05:30,1489.9719903646578,1494.6870915999891,1452.2511804820083,1476.96826171875,18052044,RELIANCE,yfinance
2024-07-24 00:00:00+05:30,1474.0895996286229,1498.4095963901725,1465.552808673545,1484.7109375,11913362,RELIANCE,yfinance
2024-07-25 00:00:00+05:30,1470.1189136102262,1489.4508041915794,1466.2227025912728,1481.4351806640625,12519876,RELIANCE,yfinance
2024-07-26 00:00:00+05:30,1481.4352554076795,1501.3131545447015,1479.4002684339398,1497.9381103515625,9859940,RELIANCE,yfinance
2024-07-29 00:00:00+05:30,1500.8416167163412,1516.2774189432153,1500.6679751498336,1508.9317626953125,7538550,RELIANCE,yfinance
2024-07-30 00:00:00+05:30,1505.8792447159437,1513.795627121447,1498.9058340677934,1502.03271484375,8228208,RELIANCE,yfinance
2024-07-31 00:00:00+05:30,1492.9499231376883,1499.3524857083617,1490.1208866802617,1494.364501953125,10057346,RELIANCE,yfinance
2024-08-01 00:00:00+05:30,1500.8913109431162,1506.8472288436842,1493.2479314401046,1504.1671142578125,10764222,RELIANCE,yfinance
2024-08-02 00:00:00+05:30,1493.9425575637474,1498.2357327232485,1482.3037269895096,1488.3092041015625,10268248,RELIANCE,yfinance
2024-08-05 00:00:00+05:30,1469.1262655731218,1472.9976360481728,1422.7197433328897,1436.6912841796875,17046704,RELIANCE,yfinance
2024-08-06 00:00:00+05:30,1444.4590050773538,1466.6447748995176,1440.6620347326755,1445.3524169921875,10236186,RELIANCE,yfinance
2024-08-07 00:00:00+05:30,1458.2071184913539,1461.6814036613468,1450.7622216985117,1454.062744140625,8174568,RELIANCE,yfinance
2024-08-08 00:00:00+05:30,1446.816580877676,1454.2366377811502,1435.3018303695276,1438.478271484375,12387192,RELIANCE,yfinance
2024-08-09 00:00:00+05:30,1449.2732763644294,1465.6520496932055,1445.3026646483625,1463.46826171875,6249776,RELIANCE,yfinance
2024-08-12 00:00:00+05:30,1459.199797918004,1462.1777566892652,1447.0397996020206,1449.8936767578125,8184584,RELIANCE,yfinance
2024-08-13 00:00:00+05:30,1450.0178268110735,1459.2742672925806,1447.28803114191,1452.8717041015625,6265064,RELIANCE,yfinance
2024-08-14 00:00:00+05:30,1452.7973239887267,1461.1851932386814,1443.0195951522678,1451.1097412109375,6267466,RELIANCE,yfinance
2024-08-16 00:00:00+05:30,1457.8598362701878,1469.5235088888628,1447.3377388233519,1467.339599609375,9416902,RELIANCE,yfinance
2024-08-19 00:00:00+05:30,1476.6025720306277,1492.3397678065596,1474.6105280885965,1482.4791259765625,13797742,RELIANCE,yfinance
2024-08-20 00:00:00+05:30,1491.268975771349,1497.9423959482733,1484.0976661921165,1489.9990234375,8411808,RELIANCE,yfinance
2024-08-21 00:00:00+05:30,1487.30978907883,1501.8766102174725,1484.072717714687,1492.7132568359375,7769996,RELIANCE,yfinance
2024-08-22 00:00:00+05:30,1497.0210123494212,1500.5070892244864,1484.720165407205,1492.1654052734375,10445782,RELIANCE,yfinance
2024-08-23 00:00:00+05:30,1497.768063961028,1505.3128818837536,1492.4642955105633,1494.008056640625,9249654,RELIANCE,yfinance
2024-08-26 00:00:00+05:30,1500.9802618699923,1516.941539085057,1497.021098650585,1506.5828857421875,8816114,RELIANCE,yfinance
2024-08-27 00:00:00+05:30,1504.4912711730515,1507.4544123852302,1493.485179145279,1494.481201171875,6251156,RELIANCE,yfinance
2024-08-28 00:00:00+05:30,1499.0131426615155,1501.4782728482842,1487.0608784010915,1492.33984375,9610286,RELIANCE,yfinance
2024-08-29 00:00:00+05:30,1497.1205913811584,1530.885760314005,1488.0568158159556,1514.874755859375,38335358,RELIANCE,yfinance
2024-08-30 00:00:00+05:30,1527.89778785993,1533.599989641746,1497.3447635789732,1503.6197509765625,41620730,RELIANCE,yfinance
2024-09-02 00:00:00+05:30,1504.8647654458696,1520.7264647058682,1500.6316718721823,1510.2183837890625,11240852,RELIANCE,yfinance
2024-09-03 00:00:00+05:30,1515.1984708784905,1516.941509382377,1501.5031683479538,1503.1217041015625,10923800,RELIANCE,yfinance
2024-09-04 00:00:00+05:30,1494.7301447200666,1511.4633627071519,1493.534966971581,1508.525146484375,11983304,RELIANCE,yfinance
2024-09-05 00:00:00+05:30,1513.0072347057646,1519.7054581926027,1481.1345314015284,1487.035888671875,16264168,RELIANCE,yfinance
2024-09-06 00:00:00+05:30,1486.5627588054047,1491.0448575756723,1455.8105811316245,1458.997802734375,19394228,RELIANCE,yfinance
2024-09-09 00:00:00+05:30,1460.666261949736,1464.07768593117,1449.809597840599,1456.63232421875,9010298,RELIANCE,yfinance
2024-09-10 00:00:00+05:30,1454.6901127162012,1466.1942153054945,1451.7766997689328,1455.7110595703125,10768260,RELIANCE,yfinance
2024-09-11 00:00:00+05:30,1457.2300550346945,1462.9073318760024,1441.7917138302157,1445.7259521484375,9760202,RELIANCE,yfinance
2024-09-12 00:00:00+05:30,1451.2039809867947,1480.088617533546,1440.1232367942907,1473.913330078125,22349376,RELIANCE,yfinance
2024-09-13 00:00:00+05:30,1470.5268529366479,1477.2500011980833,1463.6542770635715,1466.766845703125,8711328,RELIANCE,yfinance
2024-09-16 00:00:00+05:30,1471.6723576050656,1475.0090069946318,1458.9232273463058,1465.4969482421875,5481774,RELIANCE,yfinance
2024-09-17 00:00:00+05:30,1468.1364260685732,1471.5975781970765,1460.790763828237,1466.4432373046875,5935328,RELIANCE,yfinance
2024-09-18 00:00:00+05:30,1464.1522884024148,1476.10455198121,1454.7399294679985,1457.6282958984375,8574714,RELIANCE,yfinance
2024-09-19 00:00:00+05:30,1460.4171894563083,1470.6264144806405,1449.7598031867433,1463.82861328125,16955902,RELIANCE,yfinance
2024-09-20 00:00:00+05:30,1468.136427109257,1489.0528890965668,1465.5218693608433,1480.0140380859375,30897320,RELIANCE,yfinance
2024-09-23 00:00:00+05:30,1485.0687739665293,1495.5270047691104,1483.026880271187,1487.434326171875,8832314,RELIANCE,yfinance
2024-09-24 00:00:00+05:30,1482.5786761041754,1494.530939532627,1481.9561623839436,1483.4501953125,17137444,RELIANCE,yfinance
2024-09-25 00:00:00+05:30,1477.9970102640052,1490.5468626388433,1474.3116560624171,1488.0069580078125,7069002,RELIANCE,yfinance
2024-09-26 00:00:00+05:30,1484.7202013028073,1498.017070530802,1482.1305684499498,1491.9910888671875,18818998,RELIANCE,yfinance
2024-09-27 00:00:00+05:30,1493.0369361114394,1527.3747692811157,1486.0647823070499,1520.1038818359375,20597478,RELIANCE,yfinance
2024-09-30 00:00:00+05:30,1513.3558880158446,1518.9086621673466,1468.5348969230117,1470.701171875,27008814,RELIANCE,yfinance
2024-10-01 00:00:00+05:30,1474.7599230273088,1482.0308103038055,1457.0057588364782,1458.997802734375,16431642,RELIANCE,yfinance
2024-10-03 00:00:00+05:30,1430.8602791168494,1443.634334423912,1396.4975195620746,1401.3780517578125,37757294,RELIANCE,yfinance
2024-10-04 00:00:00+05:30,1398.34020617394,1411.711728297617,1376.2782950115372,1381.0093994140625,37072876,RELIANCE,yfinance
2024-10-07 00:00:00+05:30,1387.9566419173104,1390.9447078848398,1355.9594355150189,1365.272216796875,22181340,RELIANCE,yfinance
2024-10-08 00:00:00+05:30,1367.513224520688,1395.4267642320656,1359.669551595401,1391.791259765625,17020808,RELIANCE,yfinance
2024-10-09 00:00:00+05:30,1391.9656892391695,1395.4019165531051,1367.0402140253339,1369.1318359375,14310610,RELIANCE,yfinance
2024-10-10 00:00:00+05:30,1374.5352199766685,1380.4864268287754,1363.9774115920343,1365.595947265625,22358646,RELIANCE,yfinance
2024-10-11 00:00:00+05:30,1364.5501018082973,1377.7723178051706,1363.3797273571677,1366.6417236328125,7980122,RELIANCE,yfinance
2024-10-14 00:00:00+05:30,1373.962442591221,1374.5849563155427,1362.8070452852592,1367.0650634765625,12221432,RELIANCE,yfinance
2024-10-15 00:00:00+05:30,1353.1207855156183,1366.243302159234,1335.3666207605413,1338.678466796875,33762794,RELIANCE,yfinance
2024-10-16 00:00:00+05:30,1334.6695151768993,1358.5740438069333,1332.3039628645522,1348.6884765625,20034438,RELIANCE,yfinance
2024-10-17 00:00:00+05:30,1360.2671814831224,1363.0062419523483,1346.6715786036464,1351.0291748046875,15543660,RELIANCE,yfinance
2024-10-18 00:00:00+05:30,1346.796043723323,1362.9814005892638,1335.9891081789099,1353.8927001953125,12082452,RELIANCE,yfinance
2024-10-21 00:00:00+05:30,1361.686598848784,1368.5342502099143,1352.3239675798945,1363.7532958984375,14067408,RELIANCE,yfinance
2024-10-22 00:00:00+05:30,1363.7532474009167,1370.5262455038624,1334.8935348257999,1338.006103515625,15831960,RELIANCE,yfinance
2024-10-23 00:00:00+05:30,1332.1793705575924,1352.0748848775756,1329.689315659354,1333.2003173828125,17214742,RELIANCE,yfinance
2024-10-24 00:00:00+05:30,1329.9633130042932,1338.3547254831988,1317.8616212723593,1334.4703369140625,22155934,RELIANCE,yfinance
2024-10-25 00:00:00+05:30,1338.1555171764887,1339.002111534351,1316.7410448137834,1322.5677490234375,18597496,RELIANCE,yfinance
2024-10-28 00:00:00+05:30,1331.6813526124565,1347.6177038778262,1316.8406011796387,1329.0418701171875,10824350,RELIANCE,yfinance
2024-10-29 00:00:00+05:30,1322.8167478889227,1337.856655249044,1315.0478495098762,1334.66943359375,12008361,RELIANCE,yfinance
2024-10-30 00:00:00+05:30,1329.6893351932274,1344.62966480214,1320.0776988278842,1338.553955078125,11984423,RELIANCE,yfinance
2024-10-31 00:00:00+05:30,1334.6694245700712,1337.6574904459744,1320.8745447599274,1326.7510986328125,9331650,RELIANCE,yfinance
2024-11-01 00:00:00+05:30,1327.7471304089104,1336.6116286385318,1327.6972806767253,1333.3248291015625,2127335,RELIANCE,yfinance
2024-11-04 00:00:00+05:30,1332.5280301195805,1334.6695017714562,1279.9878687625326,1296.9700927734375,19796890,RELIANCE,yfinance
2024-11-05 00:00:00+05:30,1287.8564249120313,1304.3406373759979,1281.0336986406933,1300.1075439453125,16267479,RELIANCE,yfinance
2024-11-06 00:00:00+05:30,1304.7888451117578,1323.0160966964434,1295.0277806900112,1320.0777587890625,21625209,RELIANCE,yfinance
2024-11-07 00:00:00+05:30,1318.7331565363688,1318.7331565363688,1297.4182609581876,1300.4561767578125,9611974,RELIANCE,yfinance
2024-11-08 00:00:00+05:30,1292.4879180085577,1296.4720058402277,1269.9279963447846,1278.6431884765625,19814406,RELIANCE,yfinance
2024-11-11 00:00:00+05:30,1273.8622221377802,1280.884225507143,1261.9598084895413,1267.6370849609375,9056552,RELIANCE,yfinance
2024-11-12 00:00:00+05:30,1270.4759075040322,1284.1712099692156,1262.4578817905294,1269.1810302734375,10671091,RELIANCE,yfinance
2024-11-13 00:00:00+05:30,1265.196886863478,1270.3761523895544,1244.5294313213271,1247.0693359375,14633633,RELIANCE,yfinance
2024-11-14 00:00:00+05:30,1248.613186761178,1267.537605244334,1246.1231316976048,1262.5574951171875,12612633,RELIANCE,yfinance
2024-11-18 00:00:00+05:30,1262.55746761959,1267.8364328732807,1238.951794764919,1255.7347412109375,13620611,RELIANCE,yfinance
2024-11-19 00:00:00+05:30,1255.734688515481,1276.4021442257297,1230.236550606767,1236.710693359375,14183746,RELIANCE,yfinance
2024-11-21 00:00:00+05:30,1236.7107220331202,1239.0014996478671,1212.407761281373,1218.1348876953125,19433843,RELIANCE,yfinance
2024-11-22 00:00:00+05:30,1224.509420421979,1263.8024380613526,1217.586994857739,1260.3662109375,20471957,RELIANCE,yfinance
2024-11-25 00:00:00+05:30,1284.868314871977,1299.260783408558,1277.3483005192684,1281.8802490234375,28923341,RELIANCE,yfinance
2024-11-26 00:00:00+05:30,1289.7986377983043,1292.687125909721,1279.0914013187908,1290.545654296875,9247557,RELIANCE,yfinance
2024-11-27 00:00:00+05:30,1288.3543972122054,1298.6632001168684,1280.8842325588682,1288.0555419921875,9572746,RELIANCE,yfinance
2024-11-28 00:00:00+05:30,1284.818474176107,1291.442044503892,1264.0017125526565,1265.7447509765625,15027412,RELIANCE,yfinance
2024-11-29 00:00:00+05:30,1274.9081506356404,1294.3305794929802,1270.177046170391,1287.0595703125,13202307,RELIANCE,yfinance
2024-12-02 00:00:00+05:30,1282.876370557777,1306.133460567327,1271.9699779978703,1303.9422607421875,11024152,RELIANCE,yfinance
2024-12-03 00:00:00+05:30,1311.7609017834461,1321.5219654799555,1301.8006823317874,1318.035888671875,16869482,RELIANCE,yfinance
2024-12-04 00:00:00+05:30,1320.7251432865569,1323.1156203515295,1298.8625094957517,1303.742919921875,19608540,RELIANCE,yfinance
2024-12-05 00:00:00+05:30,1309.1214514378748,1324.6593698468237,1300.9541199209712,1316.7908935546875,16858723,RELIANCE,yfinance
2024-12-06 00:00:00+05:30,1318.6334884089777,1318.6334884089777,1304.7887589399247,1306.3326416015625,9037514,RELIANCE,yfinance
2024-12-09 00:00:00+05:30,1297.8166732313093,1309.7689372979064,1287.9560310594236,1289.9979248046875,14650002,RELIANCE,yfinance
2024-12-10 00:00:00+05:30,1284.121290398709,1289.7488386952925,1275.107243177966,1279.73876953125,16043729,RELIANCE,yfinance
2024-12-11 00:00:00+05:30,1279.8882324099652,1284.8683422637005,1270.9738844056644,1273.115234375,11724373,RELIANCE,yfinance
2024-12-12 00:00:00+05:30,1264.9479526569407,1273.1152845047754,1255.5853214463157,1257.876220703125,20906813,RELIANCE,yfinance
2024-12-13 00:00:00+05:30,1254.9877622795104,1270.1272485556606,1234.6688884780408,1267.78662109375,28630222,RELIANCE,yfinance
2024-12-16 00:00:00+05:30,1269.9280595585296,1275.904191603511,1261.511722229068,1263.2547607421875,9486781,RELIANCE,yfinance
2024-12-17 00:00:00+05:30,1256.033537225462,1258.8721754853295,1237.8561365143116,1240.34619140625,17462791,RELIANCE,yfinance
2024-12-18 00:00:00+05:30,1235.714673937889,1254.9378248920182,1235.714673937889,1248.2645263671875,12670179,RELIANCE,yfinance
2024-12-19 00:00:00+05:30,1234.0712121990753,1239.947766097918,1224.1109925687356,1225.55517578125,14244653,RELIANCE,yfinance
2024-12-20 00:00:00+05:30,1219.1309339507777,1234.5692750261348,1196.7204388413884,1200.50537109375,20312896,RELIANCE,yfinance
2024-12-23 00:00:00+05:30,1210.1667348774333,1222.3181546925216,1208.3738466363206,1217.437744140625,10052824,RELIANCE,yfinance
2024-12-24 00:00:00+05:30,1217.4377030050357,1228.6429501715868,1216.1428258096823,1217.8858642578125,6734917,RELIANCE,yfinance
2024-12-26 00:00:00+05:30,1219.3798917928577,1222.8161189414398,1209.4196721335327,1211.7105712890625,10016178,RELIANCE,yfinance
2024-12-27 00:00:00+05:30,1213.4536884394554,1223.0154756156849,1212.1588111658666,1216.1927490234375,7000397,RELIANCE,yfinance
2024-12-30 00:00:00+05:30,1211.5611874241417,1218.3340640862093,1203.294156174512,1205.8837890625,8818766,RELIANCE,yfinance
2024-12-31 00:00:00+05:30,1203.1945530395503,1214.2503727116298,1201.3519366916562,1210.6148681640625,6405475,RELIANCE,yfinance
2025-01-01 00:00:00+05:30,1210.0172807004092,1221.4218053468785,1206.7802092584152,1216.391845703125,5892590,RELIANCE,yfinance
2025-01-02 00:00:00+05:30,1216.3918076943417,1239.4994683243335,1215.1467802555553,1236.860107421875,15486276,RELIANCE,yfinance
2025-01-03 00:00:00+05:30,1238.9518139936486,1257.0296379589822,1230.5852047154665,1246.1729736328125,15521102,RELIANCE,yfinance
2025-01-06 00:00:00+05:30,1248.961727102304,1256.9797527645217,1210.1667191829588,1213.15478515625,14816766,RELIANCE,yfinance
2025-01-07 00:00:00+05:30,1217.1388288273843,1239.5493228115217,1216.3918123612464,1235.913818359375,10070505,RELIANCE,yfinance
2025-01-08 00:00:00+05:30,1244.0314575822304,1265.9937909556584,1240.395953024955,1260.4658203125,19346579,RELIANCE,yfinance
2025-01-09 00:00:00+05:30,1261.9598138402198,1264.6988742096441,1243.0852464738894,1249.758544921875,12794704,RELIANCE,yfinance
2025-01-10 00:00:00+05:30,1248.8621307808614,1251.750618829338,1231.0831628192257,1236.959716796875,8120332,RELIANCE,yfinance
2025-01-13 00:00:00+05:30,1225.1070543419412,1240.2963897717905,1221.5213994754447,1234.9178466796875,13764861,RELIANCE,yfinance
2025-01-14 00:00:00+05:30,1239.1509590647415,1248.3641626627486,1222.3680125031533,1233.822265625,13095266,RELIANCE,yfinance
2025-01-15 00:00:00+05:30,1239.9974688456068,1251.9995818882041,1236.90982514039,1247.2186279296875,9578856,RELIANCE,yfinance
2025-01-16 00:00:00+05:30,1253.8920943102864,1269.9280238633037,1246.3223515830243,1261.4119873046875,14117603,RELIANCE,yfinance
2025-01-17 00:00:00+05:30,1316.9900509904955,1320.7251333812799,1279.888232575373,1297.169189453125,29366277,RELIANCE,yfinance
2025-01-20 00:00:00+05:30,1310.764916385877,1310.764916385877,1295.0775703121099,1300.2568359375,14040244,RELIANCE,yfinance
2025-01-21 00:00:00+05:30,1305.2868371165837,1307.776892128252,1265.1471016946018,1268.6331787109375,14562976,RELIANCE,yfinance
2025-01-22 00:00:00+05:30,1273.2149526536994,1277.7966294698952,1263.6530443254642,1272.0196533203125,10273590,RELIANCE,yfinance
2025-01-23 00:00:00+05:30,1264.9478840486133,1272.2686211078578,1256.581275301743,1258.6231689453125,8720682,RELIANCE,yfinance
2025-01-24 00:00:00+05:30,1260.9638702056575,1267.9360243063209,1238.5533748820974,1241.34228515625,14235970,RELIANCE,yfinance
2025-01-27 00:00:00+05:30,1234.1708090151494,1235.515414368934,1215.1468135462453,1224.4595947265625,9536019,RELIANCE,yfinance
2025-01-28 00:00:00+05:30,1233.0752790316255,1239.7984277662488,1213.6528493538253,1229.4896240234375,10568025,RELIANCE,yfinance
2025-01-29 00:00:00+05:30,1231.0832160878692,1237.8063647194172,1223.1648896668228,1230.585205078125,5928156,RELIANCE,yfinance
2025-01-30 00:00:00+05:30,1230.635044492625,1251.9996679975989,1227.497550840604,1248.0654296875,9269259,RELIANCE,yfinance
2025-01-31 00:00:00+05:30,1250.8541794958078,1261.9598488917904,1244.0314532484974,1260.0673828125,6584612,RELIANCE,yfinance
2025-02-01 00:00:00+05:30,1260.0673469134033,1265.495739501575,1236.0632421918099,1259.5693359375,7118453,RELIANCE,yfinance
2025-02-03 00:00:00+05:30,1246.0235355947286,1251.003645649064,1232.6270881824535,1240.94384765625,9252345,RELIANCE,yfinance
2025-02-04 00:00:00+05:30,1243.0852829885687,1283.6731787459128,1241.6409781641657,1280.08740234375,16691069,RELIANCE,yfinance
2025-02-05 00:00:00+05:30,1277.5476050956522,1285.366353249074,1271.6212014188793,1273.115234375,10112028,RELIANCE,yfinance
2025-02-06 00:00:00+05:30,1268.6331564996678,1282.8763195509282,1265.2965071593937,1276.4520263671875,9956001,RELIANCE,yfinance
2025-02-07 00:00:00+05:30,1271.073491533156,1278.5933846345008,1256.979756005846,1261.6610107421875,8764283,RELIANCE,yfinance
2025-02-10 00:00:00+05:30,1259.469777897567,1261.461821832557,1240.5952102474196,1248.6629638671875,6970972,RELIANCE,yfinance
2025-02-11 00:00:00+05:30,1259.5196705337273,1259.5196705337273,1225.2066396338644,1229.937744140625,8859714,RELIANCE,yfinance
2025-02-12 00:00:00+05:30,1214.5989377224967,1222.0193743195214,1188.6027887286011,1211.7105712890625,21131654,RELIANCE,yfinance
2025-02-13 00:00:00+05:30,1212.2086229517822,1223.1150152108587,1207.1786632211406,1211.2623291015625,8511216,RELIANCE,yfinance
2025-02-14 00:00:00+05:30,1214.1507532507958,1219.1308629852126,1200.6546072366423,1212.40771484375,10298145,RELIANCE,yfinance
2025-02-17 00:00:00+05:30,1206.2821918357026,1222.6169765728448,1199.7084711054922,1220.02734375,8166683,RELIANCE,yfinance
2025-02-18 00:00:00+05:30,1219.9775298877432,1225.0074896525716,1211.2623373341316,1220.525390625,6673250,RELIANCE,yfinance
2025-02-19 00:00:00+05:30,1214.6488125132394,1227.8461038341088,1212.706618273488,1222.567138671875,6217338,RELIANCE,yfinance
2025-02-20 00:00:00+05:30,1219.0810452834291,1234.4198079853766,1217.1388510698625,1228.0950927734375,7795582,RELIANCE,yfinance
2025-02-21 00:00:00+05:30,1223.8121434284387,1235.0672403005465,1217.2882724889691,1223.264404296875,6904025,RELIANCE,yfinance
2025-02-24 00:00:00+05:30,1211.7105497558396,1218.3838481751116,1205.68456833515,1209.718505859375,7172498,RELIANCE,yfinance
2025-02-25 00:00:00+05:30,1206.1826029932777,1216.1428226711741,1196.7203942992758,1199.21044921875,11552182,RELIANCE,yfinance
2025-02-27 00:00:00+05:30,1207.975493883109,1210.166693583284,1195.8738026303336,1202.298095703125,11509215,RELIANCE,yfinance
2025-02-28 00:00:00+05:30,1197.218393771922,1212.5073065135477,1188.5530513693543,1195.325927734375,23007298,RELIANCE,yfinance
2025-03-03 00:00:00+05:30,1199.2104168056296,1201.6506219268736,1151.4013636439433,1166.5906982421875,17944938,RELIANCE,yfinance
2025-03-04 00:00:00+05:30,1157.576687742468,1169.3297956512124,1154.9373267832577,1157.2779541015625,11377373,RELIANCE,yfinance
2025-03-05 00:00:00+05:30,1156.3815647449799,1178.2940491759787,1152.3974766666165,1170.9234619140625,8664095,RELIANCE,yfinance
2025-03-06 00:00:00+05:30,1192.2383549047067,1209.1208794668382,1180.4355183146993,1204.7882080078125,14468014,RELIANCE,yfinance
2025-03-07 00:00:00+05:30,1211.1627762331514,1249.8084792402678,1207.178688153437,1244.828369140625,16474965,RELIANCE,yfinance
2025-03-10 00:00:00+05:30,1240.0473535020744,1252.9956391209716,1230.4855669004469,1233.4736328125,11931051,RELIANCE,yfinance
2025-03-11 00:00:00+05:30,1235.0672477916657,1244.5294565449083,1224.858022557904,1242.3382568359375,10089838,RELIANCE,yfinance
2025-03-12 00:00:00+05:30,1252.995610693361,1257.9757204337955,1239.0513034201438,1252.0494384765625,11977555,RELIANCE,yfinance
2025-03-13 00:00:00+05:30,1255.0376050433522,1259.1212710412995,1238.901975238559,1242.9359130859375,9505270,RELIANCE,yfinance
2025-03-17 00:00:00+05:30,1237.208673957254,1252.3980085038181,1228.1946267891797,1233.9217529296875,16640917,RELIANCE,yfinance
2025-03-18 00:00:00+05:30,1233.9217529296875,1233.9217529296875,1233.9217529296875,1233.9217529296875,0,RELIANCE,yfinance
2025-03-19 00:00:00+05:30,1236.113132982547,1248.2645525643281,1233.8720835165427,1242.1888427734375,16162399,RELIANCE,yfinance
2025-03-20 00:00:00+05:30,1246.8700894970418,1267.9359786597456,1245.0773228865291,1264.101318359375,15971477,RELIANCE,yfinance
2025-03-21 00:00:00+05:30,1269.927977701306,1275.9041093610767,1265.0474458622177,1271.2725830078125,21780769,RELIANCE,yfinance
2025-03-24 00:00:00+05:30,1285.86434660882,1300.8046759652354,1279.141198398433,1296.920166015625,20299319,RELIANCE,yfinance
2025-03-25 00:00:00+05:30,1302.497915186312,1302.497915186312,1277.4977874103538,1280.33642578125,13713899,RELIANCE,yfinance
2025-03-26 00:00:00+05:30,1285.8643858858131,1288.6532960847499,1263.7028966635362,1267.98583984375,12074747,RELIANCE,yfinance
2025-03-27 00:00:00+05:30,1273.0655062272906,1279.8882324099652,1266.242780044616,1273.115234375,15028056,RELIANCE,yfinance
2025-03-28 00:00:00+05:30,1274.9081198538831,1290.5954658598978,1263.9518781988888,1270.027587890625,18147129,RELIANCE,yfinance
2025-04-01 00:00:00+05:30,1259.5693287834792,1272.8164693011493,1244.330265958221,1247.6170654296875,12099648,RELIANCE,yfinance
2025-04-02 00:00:00+05:30,1242.5873186806543,1250.5554948342144,1238.9518139936486,1246.1729736328125,10142590,RELIANCE,yfinance
2025-04-03 00:00:00+05:30,1228.145018441354,1246.8204315907722,1228.145018441354,1243.732666015625,7434366,RELIANCE,yfinance
2025-04-04 00:00:00+05:30,1236.1628160172713,1240.4954871764826,1188.4036122186155,1199.9075927734375,17908652,RELIANCE,yfinance
2025-04-07 00:00:00+05:30,1127.6960086529814,1166.590714623955,1110.415052053189,1161.062744140625,22156106,RELIANCE,yfinance
2025-04-08 00:00:00+05:30,1167.3378163352843,1191.8399338970503,1158.6724733291408,1177.4971923828125,19555040,RELIANCE,yfinance
2025-04-09 00:00:00+05:30,1164.8477193030515,1185.0670143686195,1163.3536863154889,1180.6346435546875,10223104,RELIANCE,yfinance
2025-04-11 00:00:00+05:30,1190.3957018139643,1217.786306450343,1190.3957018139643,1214.1009521484375,11224242,RELIANCE,yfinance
2025-04-15 00:00:00+05:30,1246.0235343416643,1246.0235343416643,1232.1788040875913,1235.1668701171875,13378535,RELIANCE,yfinance
2025-04-16 00:00:00+05:30,1229.1907298200806,1235.9637280756608,1224.1110419207541,1234.3701171875,8248464,RELIANCE,yfinance
2025-04-17 00:00:00+05:30,1235.266450081142,1275.1073305428426,1222.7165970526498,1269.4300537109375,15398401,RELIANCE,yfinance
2025-04-21 00:00:00+05:30,1264.947875835223,1295.7249783909904,1261.9598099867933,1290.346435546875,10429964,RELIANCE,yfinance
2025-04-22 00:00:00+05:30,1294.8286411452223,1298.713151385602,1281.1831879455033,1286.0635986328125,13051707,RELIANCE,yfinance
2025-04-23 00:00:00+05:30,1291.840547250601,1300.8047453425481,1280.286716249035,1294.82861328125,10480888,RELIANCE,yfinance
2025-04-24 00:00:00+05:30,1287.2588872304611,1299.3107293954529,1285.1672652984741,1296.4222412109375,10468940,RELIANCE,yfinance
2025-04-25 00:00:00+05:30,1298.3146947064158,1319.928323767296,1282.9759313802824,1295.22705078125,14431012,RELIANCE,yfinance
2025-04-28 00:00:00+05:30,1334.669497851195,1369.1318351951852,1314.9482133535364,1363.35498046875,31104496,RELIANCE,yfinance
2025-04-29 00:00:00+05:30,1365.5461749701867,1405.2874774645995,1364.5501529607263,1394.1319580078125,32538970,RELIANCE,yfinance
2025-04-30 00:00:00+05:30,1396.4228227174156,1406.7814756764847,1363.5540972183608,1399.410888671875,25480745,RELIANCE,yfinance
2025-05-02 00:00:00+05:30,1408.3751233126775,1421.024554216323,1403.4945911426703,1414.152099609375,13007841,RELIANCE,yfinance
2025-05-05 00:00:00+05:30,1425.3074680112338,1433.773654928142,1421.2238021682567,1425.6063232421875,12685649,RELIANCE,yfinance
2025-05-06 00:00:00+05:30,1425.3074785225756,1426.3035005201455,1404.9886054552057,1415.2476806640625,14084117,RELIANCE,yfinance
2025-05-07 00:00:00+05:30,1415.2476117092147,1418.733688530858,1397.1199392858432,1400.4068603515625,13440169,RELIANCE,yfinance
2025-05-08 00:00:00+05:30,1398.51446598441,1415.1481063364454,1392.438756100913,1401.4029541015625,16106175,RELIANCE,yfinance
2025-05-09 00:00:00+05:30,1379.9884666950659,1389.251519832932,1369.032224808638,1371.721435546875,13668904,RELIANCE,yfinance
2025-05-12 00:00:00+05:30,1394.430721507353,1433.275577320772,1394.430721507353,1430.7855224609375,10674081,RELIANCE,yfinance
2025-05-13 00:00:00+05:30,1427.7974767909468,1441.9409399606418,1406.7814377941193,1410.0682373046875,11407896,RELIANCE,yfinance
2025-05-14 00:00:00+05:30,1414.3512435205853,1424.2118856620737,1409.8691445094285,1418.7337646484375,5570160,RELIANCE,yfinance
2025-05-15 00:00:00+05:30,1419.3313670179805,1455.5865925696291,1407.0802476372012,1448.4151611328125,20177211,RELIANCE,yfinance
2025-05-16 00:00:00+05:30,1447.4191020051853,1455.1881221330052,1441.542669553187,1450.6064453125,9036695,RELIANCE,yfinance
2025-05-19 00:00:00+05:30,1446.3234565863577,1448.81351147394,1432.4787270944578,1435.0684814453125,6195791,RELIANCE,yfinance
2025-05-20 00:00:00+05:30,1432.4787356808251,1439.2517336495314,1416.1440727881434,1418.932861328125,11270560,RELIANCE,yfinance
2025-05-21 00:00:00+05:30,1418.235682967954,1430.486680037078,1412.458707007589,1423.5145263671875,6136364,RELIANCE,yfinance
2025-05-22 00:00:00+05:30,1415.5464438973825,1418.1361984129633,1391.3431818014155,1403.79345703125,12134466,RELIANCE,yfinance
2025-05-23 00:00:00+05:30,1401.0045498118507,1428.0964217220903,1401.0045498118507,1421.124267578125,6474883,RELIANCE,yfinance
2025-05-26 00:00:00+05:30,1426.3034970063507,1435.2676949623963,1419.430920923106,1429.0924072265625,4842944,RELIANCE,yfinance
2025-05-27 00:00:00+05:30,1420.4269591196573,1431.2836233071982,1408.275539274527,1416.44287109375,12640414,RELIANCE,yfinance
2025-05-28 00:00:00+05:30,1414.4508509493858,1416.9409060075968,1405.0882196135674,1407.279541015625,5944611,RELIANCE,yfinance
2025-05-29 00:00:00+05:30,1406.4826358531975,1414.3512339364067,1402.996558868143,1412.1600341796875,13771917,RELIANCE,yfinance
2025-05-30 00:00:00+05:30,1412.3591925541664,1424.9090454066043,1404.0921613404494,1415.2476806640625,13788484,RELIANCE,yfinance
2025-06-02 00:00:00+05:30,1406.4826830156508,1411.8612262898896,1390.0483195350275,1408.0762939453125,8098668,RELIANCE,yfinance
2025-06-03 00:00:00+05:30,1416.6421539546416,1420.8253977642241,1397.8173136420837,1399.908935546875,11252626,RELIANCE,yfinance
2025-06-04 00:00:00+05:30,1409.0722382665938,1420.0284799827916,1400.506473605418,1417.8372802734375,8126827,RELIANCE,yfinance
2025-06-05 00:00:00+05:30,1422.3193687346825,1448.913106617055,1417.9368477633755,1436.662109375,13716817,RELIANCE,yfinance
2025-06-06 00:00:00+05:30,1435.2676355449807,1445.7258660607492,1431.28354772945,1437.7576904296875,8182161,RELIANCE,yfinance
2025-06-09 00:00:00+05:30,1451.204075048637,1451.70208605586,1439.5506661134996,1443.0367431640625,7885125,RELIANCE,yfinance
2025-06-10 00:00:00+05:30,1444.2318404180787,1448.1163503747662,1430.2875329933524,1432.777587890625,7913181,RELIANCE,yfinance
2025-06-11 00:00:00+05:30,1440.0485867347081,1462.7578142878924,1437.3592545136698,1443.13623046875,8195700,RELIANCE,yfinance
2025-06-12 00:00:00+05:30,1447.7179200254843,1451.2039968882907,1428.6939248911115,1435.865234375,8828114,RELIANCE,yfinance
2025-06-13 00:00:00+05:30,1418.335338487147,1429.7895915718395,1408.6739736495979,1422.2198486328125,9757276,RELIANCE,yfinance
2025-06-16 00:00:00+05:30,1421.223780491138,1436.6621211041454,1418.7337255535563,1432.0804443359375,8458093,RELIANCE,yfinance
2025-06-17 00:00:00+05:30,1442.2398094911548,1442.2398094911548,1420.12817043809,1425.506591796875,10366599,RELIANCE,yfinance
2025-06-18 00:00:00+05:30,1424.3114328610282,1437.0605628519918,1420.028489708749,1424.4110107421875,6681735,RELIANCE,yfinance
2025-06-19 00:00:00+05:30,1424.4110453044384,1434.1721095891817,1420.0285241646616,1427.598388671875,10007230,RELIANCE,yfinance
2025-06-20 00:00:00+05:30,1425.3075053013417,1465.148385952672,1422.4190171371765,1460.367431640625,29010635,RELIANCE,yfinance
2025-06-23 00:00:00+05:30,1447.2199506188397,1457.9770367383994,1436.2637087352834,1451.0048828125,5989078,RELIANCE,yfinance
2025-06-24 00:00:00+05:30,1459.1721495093714,1469.1323689599471,1437.359244595668,1445.0286865234375,16402744,RELIANCE,yfinance
2025-06-25 00:00:00+05:30,1458.1762135192969,1466.5428226679085,1454.690136506102,1461.463134765625,7525851,RELIANCE,yfinance
2025-06-26 00:00:00+05:30,1463.2558362824063,1492.8377614283193,1459.2717484446844,1489.3516845703125,14657893,RELIANCE,yfinance
2025-06-27 00:00:00+05:30,1493.4353527246628,1515.9454247275912,1490.9452978220222,1509.3717041015625,11117052,RELIANCE,yfinance
2025-06-30 00:00:00+05:30,1507.7781788170053,1518.734421010171,1490.0489382705405,1494.630615234375,8409527,RELIANCE,yfinance
2025-07-01 00:00:00+05:30,1494.630607775488,1525.3081343971446,1494.132596769193,1522.320068359375,10368523,RELIANCE,yfinance
2025-07-02 00:00:00+05:30,1522.3200879079554,1523.9136988316197,1502.6983810571346,1512.75830078125,6361002,RELIANCE,yfinance
2025-07-03 00:00:00+05:30,1514.7502729656235,1525.8060926058627,1506.9812529023668,1511.76220703125,11283291,RELIANCE,yfinance
2025-07-04 00:00:00+05:30,1517.9375659885409,1523.913698138102,1511.1645675851503,1521.2244873046875,6603501,RELIANCE,yfinance
2025-07-07 00:00:00+05:30,1520.5271677380254,1538.65484117058,1518.933556847784,1535.367919921875,7251074,RELIANCE,yfinance
2025-07-08 00:00:00+05:30,1529.8897875590692,1538.7544076502807,1524.1128113419518,1531.4833984375,7171261,RELIANCE,yfinance
2025-07-09 00:00:00+05:30,1530.586937987722,1544.8301010282516,1504.0927774643353,1512.9573974609375,8870660,RELIANCE,yfinance
2025-07-10 00:00:00+05:30,1513.654605815878,1518.6347158851345,1501.5031858807802,1511.16455078125,10047129,RELIANCE,yfinance
2025-07-11 00:00:00+05:30,1505.9852937598653,1508.9733598189127,1484.3716645666439,1489.2520751953125,7234991,RELIANCE,yfinance
2025-07-14 00:00:00+05:30,1486.263916129696,1494.0329360309418,1473.2160528053016,1477.7977294921875,10311846,RELIANCE,yfinance
2025-07-15 00:00:00+05:30,1480.2878335086834,1490.5469086437597,1476.503022895967,1479.4910888671875,8132454,RELIANCE,yfinance
2025-07-16 00:00:00+05:30,1467.1403332858122,1485.068728397248,1465.6463003598592,1479.690185546875,10409983,RELIANCE,yfinance
2025-07-17 00:00:00+05:30,1481.4830970988435,1483.674296790977,1468.0368005528198,1470.52685546875,11854613,RELIANCE,yfinance
2025-07-18 00:00:00+05:30,1478.8934598804974,1478.8934598804974,1463.2558421043927,1470.12841796875,10296318,RELIANCE,yfinance
2025-07-21 00:00:00+05:30,1459.1722169809668,1470.128458883213,1417.4388712363768,1422.9169921875,22442744,RELIANCE,yfinance
2025-07-22 00:00:00+05:30,1421.721828538219,1426.2039275426996,1405.0881881707605,1407.179931640625,20396320,RELIANCE,yfinance
2025-07-23 00:00:00+05:30,1420.3273163904719,1420.3273163904719,1408.7734859597779,1418.932861328125,8354596,RELIANCE,yfinance
2025-07-24 00:00:00+05:30,1413.554298653669,1417.3392306864348,1390.4466381154343,1397.3192138671875,14740507,RELIANCE,yfinance
2025-07-25 00:00:00+05:30,1393.3351272649268,1395.4267490386208,1378.593953801798,1386.1636962890625,11854722,RELIANCE,yfinance
2025-07-28 00:00:00+05:30,1386.7614543919697,1402.199795115413,1379.490445288333,1382.080078125,7748361,RELIANCE,yfinance
2025-07-29 00:00:00+05:30,1377.4984422704579,1414.550412474214,1377.4984422704579,1411.4627685546875,10750072,RELIANCE,yfinance
2025-07-30 00:00:00+05:30,1412.458776601272,1417.6381639620695,1395.7256799199,1404.4906005859375,7209849,RELIANCE,yfinance
2025-07-31 00:00:00+05:30,1382.5780559389787,1397.0203743336986,1376.7015020683227,1384.669677734375,17065827,RELIANCE,yfinance
2025-08-01 00:00:00+05:30,1381.3828853186424,1400.3073026227253,1378.7932525308158,1388.15576171875,10321171,RELIANCE,yfinance
2025-08-04 00:00:00+05:30,1389.5502251510159,1410.466686507784,1386.1637261382157,1405.885009765625,6312820,RELIANCE,yfinance
2025-08-05 00:00:00+05:30,1405.38696851784,1405.38696851784,1382.5780415934858,1386.1636962890625,9315972,RELIANCE,yfinance
2025-08-06 00:00:00+05:30,1386.3630773472378,1390.3471654369864,1377.797312271222,1387.259521484375,5834312,RELIANCE,yfinance
2025-08-07 00:00:00+05:30,1382.1796145349972,1388.1557462486337,1360.5659868045632,1383.8729248046875,9976705,RELIANCE,yfinance
2025-08-08 00:00:00+05:30,1379.4904158119157,1391.6418351007062,1359.569976594415,1362.35888671875,8793606,RELIANCE,yfinance
2025-08-11 00:00:00+05:30,1364.5501609316866,1382.4785572067015,1355.7851185633474,1380.6856689453125,9997486,RELIANCE,yfinance
2025-08-12 00:00:00+05:30,1376.4028464986861,1396.3232867936674,1369.7294260490362,1374.9088134765625,12244664,RELIANCE,yfinance
2025-08-13 00:00:00+05:30,1382.4785186353236,1386.2634508216695,1372.0202877666845,1377.0999755859375,7457021,RELIANCE,yfinance
2025-08-14 00:00:00+05:30,1377.300048828125,1380.699951171875,1370.0999755859375,1373.800048828125,7126128,RELIANCE,yfinance
2025-08-18 00:00:00+05:30,1390.0,1394.9000244140625,1377.0,1381.699951171875,11785109,RELIANCE,yfinance
2025-08-19 00:00:00+05:30,1390.0,1421.0,1389.0999755859375,1420.0999755859375,14384719,RELIANCE,yfinance
2025-08-20 00:00:00+05:30,1413.0,1424.9000244140625,1410.0,1413.0,8725641,RELIANCE,yfinance
2025-08-21 00:00:00+05:30,1425.0,1431.9000244140625,1420.300048828125,1424.800048828125,11021323,RELIANCE,yfinance
2025-08-22 00:00:00+05:30,1420.0,1423.4000244140625,1407.9000244140625,1409.199951171875,5818868,RELIANCE,yfinance
2025-08-25 00:00:00+05:30,1414.699951171875,1419.5,1405.699951171875,1412.5999755859375,5979407,RELIANCE,yfinance
2025-08-26 00:00:00+05:30,1408.0,1410.0,1381.5999755859375,1384.9000244140625,12145259,RELIANCE,yfinance
2025-08-28 00:00:00+05:30,1389.9000244140625,1392.199951171875,1366.5,1385.9000244140625,13161813,RELIANCE,yfinance
2025-08-29 00:00:00+05:30,1381.0999755859375,1403.5,1350.0,1357.199951171875,18758842,RELIANCE,yfinance
2025-09-01 00:00:00+05:30,1356.0,1363.199951171875,1340.5999755859375,1353.9000244140625,11232238,RELIANCE,yfinance
2025-09-02 00:00:00+05:30,1354.800048828125,1384.5,1354.5,1366.5,11517006,RELIANCE,yfinance
2025-09-03 00:00:00+05:30,1369.699951171875,1376.5,1360.5,1372.5999755859375,7847563,RELIANCE,yfinance
2025-09-04 00:00:00+05:30,1371.800048828125,1374.0,1357.0999755859375,1359.300048828125,13223177,RELIANCE,yfinance
2025-09-05 00:00:00+05:30,1363.0,1381.0,1359.300048828125,1375.0,5777575,RELIANCE,yfinance
2025-09-08 00:00:00+05:30,1380.0,1386.0,1372.4000244140625,1378.5,6986720,RELIANCE,yfinance
2025-09-09 00:00:00+05:30,1376.5999755859375,1381.199951171875,1368.699951171875,1376.199951171875,9754452,RELIANCE,yfinance
2025-09-10 00:00:00+05:30,1383.9000244140625,1388.5,1374.0999755859375,1377.0,7790815,RELIANCE,yfinance
2025-09-11 00:00:00+05:30,1376.0,1385.5,1375.0,1383.300048828125,9766072,RELIANCE,yfinance
2025-09-12 00:00:00+05:30,1383.300048828125,1396.300048828125,1380.5,1395.0,7403368,RELIANCE,yfinance
2025-09-15 00:00:00+05:30,1393.0,1400.800048828125,1388.5999755859375,1399.300048828125,5396697,RELIANCE,yfinance
2025-09-16 00:00:00+05:30,1404.699951171875,1408.0,1398.199951171875,1405.300048828125,8686961,RELIANCE,yfinance
2025-09-17 00:00:00+05:30,1407.0,1416.199951171875,1406.9000244140625,1413.800048828125,7519417,RELIANCE,yfinance
2025-09-18 00:00:00+05:30,1420.4000244140625,1422.0,1410.699951171875,1415.0,9332642,RELIANCE,yfinance
2025-09-19 00:00:00+05:30,1414.9000244140625,1417.0,1403.5999755859375,1407.4000244140625,13461373,RELIANCE,yfinance
2025-09-22 00:00:00+05:30,1403.9000244140625,1410.699951171875,1388.0,1390.5999755859375,7757970,RELIANCE,yfinance
2025-09-23 00:00:00+05:30,1391.0,1395.0,1376.800048828125,1389.800048828125,14014702,RELIANCE,yfinance
2025-09-24 00:00:00+05:30,1385.300048828125,1396.0,1380.4000244140625,1383.0,5922759,RELIANCE,yfinance
2025-09-25 00:00:00+05:30,1381.300048828125,1384.5,1369.0,1372.4000244140625,11411143,RELIANCE,yfinance
2025-09-26 00:00:00+05:30,1372.0,1382.699951171875,1366.0,1377.5999755859375,9879109,RELIANCE,yfinance
2025-09-29 00:00:00+05:30,1381.5999755859375,1389.0,1368.0,1372.800048828125,14231999,RELIANCE,yfinance
2025-09-30 00:00:00+05:30,1377.0999755859375,1377.0999755859375,1362.800048828125,1364.0,14604684,RELIANCE,yfinance
2025-10-01 00:00:00+05:30,1367.0,1378.5999755859375,1362.699951171875,1368.699951171875,12045916,RELIANCE,yfinance
2025-10-03 00:00:00+05:30,1363.199951171875,1371.5999755859375,1356.9000244140625,1363.4000244140625,12842347,RELIANCE,yfinance
2025-10-06 00:00:00+05:30,1360.0,1377.4000244140625,1359.0,1375.0,12396580,RELIANCE,yfinance
2025-10-07 00:00:00+05:30,1376.0,1395.9000244140625,1375.9000244140625,1384.800048828125,11244040,RELIANCE,yfinance
2025-10-08 00:00:00+05:30,1384.800048828125,1389.0,1364.5,1367.4000244140625,8525081,RELIANCE,yfinance
2025-10-09 00:00:00+05:30,1374.0,1380.0,1369.0999755859375,1377.800048828125,8826633,RELIANCE,yfinance
2025-10-10 00:00:00+05:30,1377.800048828125,1388.0,1375.0999755859375,1381.699951171875,6373084,RELIANCE,yfinance
2025-10-13 00:00:00+05:30,1376.9000244140625,1377.699951171875,1367.800048828125,1375.0,7600682,RELIANCE,yfinance
2025-10-14 00:00:00+05:30,1380.0,1388.0,1370.0999755859375,1375.9000244140625,9768174,RELIANCE,yfinance
2025-10-15 00:00:00+05:30,1383.0,1384.0,1372.699951171875,1374.300048828125,10882743,RELIANCE,yfinance
2025-10-16 00:00:00+05:30,1375.0999755859375,1400.5,1375.0,1398.300048828125,12315932,RELIANCE,yfinance
2025-10-17 00:00:00+05:30,1401.0,1423.300048828125,1399.0999755859375,1416.800048828125,19335561,RELIANCE,yfinance
2025-10-20 00:00:00+05:30,1440.0,1473.800048828125,1433.300048828125,1466.800048828125,24721978,RELIANCE,yfinance
2025-10-21 00:00:00+05:30,1468.0,1474.0,1460.0,1465.199951171875,2066169,RELIANCE,yfinance
2025-10-23 00:00:00+05:30,1475.0,1482.9000244140625,1444.5999755859375,1448.4000244140625,18707090,RELIANCE,yfinance
2025-10-24 00:00:00+05:30,1450.0,1459.800048828125,1441.0,1451.5999755859375,9700837,RELIANCE,yfinance
2025-10-27 00:00:00+05:30,1463.0,1485.0,1458.0,1484.0999755859375,14113867,RELIANCE,yfinance
2025-10-28 00:00:00+05:30,1484.0999755859375,1492.0,1477.5999755859375,1486.9000244140625,17631577,RELIANCE,yfinance
2025-10-29 00:00:00+05:30,1490.0,1508.300048828125,1488.0999755859375,1504.199951171875,11884745,RELIANCE,yfinance
2025-10-30 00:00:00+05:30,1500.0,1503.0999755859375,1484.0,1488.5,9318663,RELIANCE,yfinance
2025-10-31 00:00:00+05:30,1490.4000244140625,1497.5,1482.300048828125,1486.4000244140625,8758053,RELIANCE,yfinance
2025-11-03 00:00:00+05:30,1486.0,1495.0,1479.300048828125,1484.699951171875,8452085,RELIANCE,yfinance
2025-11-04 00:00:00+05:30,1483.9000244140625,1492.800048828125,1470.0999755859375,1473.0999755859375,10007806,RELIANCE,yfinance
2025-11-05 00:00:00+05:30,1473.0999755859375,1473.0999755859375,1473.0999755859375,1473.0999755859375,0,RELIANCE,yfinance
2025-11-06 00:00:00+05:30,1484.0,1501.5999755859375,1476.199951171875,1496.0999755859375,16772678,RELIANCE,yfinance
2025-11-07 00:00:00+05:30,1494.5999755859375,1498.4000244140625,1475.9000244140625,1478.0,7821765,RELIANCE,yfinance
